group,parameter,value,status,note,source,link
Plant,core_power_MWt,870.0,sourced,BWRX-300 rated thermal power,"BWRX-300 General Description, GE Vernova",https://www.gevernova.com/content/dam/gevernova-nuclear/global/en_us/documents/carbon-free-power/005N9751-BWRX-300-General-Description.pdf
Plant,net_efficiency,0.345,derived,~300 MWe / 870 MWt,"BWRX-300 General Description, GE Vernova",https://www.gevernova.com/content/dam/gevernova-nuclear/global/en_us/documents/carbon-free-power/005N9751-BWRX-300-General-Description.pdf
Plant,n_bundles,240.0,sourced,GNF2 bundles in core,"BWRX-300 General Description, GE Vernova",https://www.gevernova.com/content/dam/gevernova-nuclear/global/en_us/documents/carbon-free-power/005N9751-BWRX-300-General-Description.pdf
Plant,active_length_m,3.81,sourced,full-length rod active fuel length,BWRX-300 DNNP GNF2 Fuel Design Qualification (CNSC CMD24-H3),https://api.cnsc-ccsn.gc.ca/dms/digital-medias/CMD24-H3-Ref-BWRX-300-DNNP-GNF2-Fuel-Design-Qualification-and-BWR-Fuel-Licensing-Non-Proprietary-Information.PDF/object
Plant,coolant_pressure_MPa,7.2,assumption,typical BWR dome pressure ~7 MPa,"BWRX-300 General Description, GE Vernova",https://www.gevernova.com/content/dam/gevernova-nuclear/global/en_us/documents/carbon-free-power/005N9751-BWRX-300-General-Description.pdf
Plant,T_sat_C,287.0,derived,saturation temperature at ~7.2 MPa,"BWRX-300 General Description, GE Vernova",https://www.gevernova.com/content/dam/gevernova-nuclear/global/en_us/documents/carbon-free-power/005N9751-BWRX-300-General-Description.pdf
Plant,capacity_factor,0.95,assumption,design target; edit in the app,"BWRX-300 General Description, GE Vernova",https://www.gevernova.com/content/dam/gevernova-nuclear/global/en_us/documents/carbon-free-power/005N9751-BWRX-300-General-Description.pdf
Fuel,UO2_density_TD_g_cc,10.96,sourced,theoretical density of UO2,IAEA Thermophysical properties database of UO2,
Fuel,pellet_density_frac,0.95,assumption,typical 95% TD,IAEA Thermophysical properties database of UO2,
Fuel,U_mass_fraction,0.8815,derived,238/270 for UO2,IAEA Thermophysical properties database of UO2,
Fuel,k_UO2_W_mK,3.0,assumption,average UO2 conductivity at operating temperature,IAEA Thermophysical properties database of UO2,
Fuel,h_gap_W_m2K,5700.0,assumption,pellet-clad gap conductance,Team engineering assumption - needs research,
Fuel,h_film_W_m2K,30000.0,assumption,boiling heat transfer coefficient,Team engineering assumption - needs research,
Fuel,radial_x_axial_peaking,2.4,assumption,hot-spot / core-average linear power,Team engineering assumption - needs research,
Fuel,overpower_factor,1.2,assumption,transient margin applied to the hot spot,Team engineering assumption - needs research,
Fuel,max_centerline_C,1800.0,assumption,design limit on fuel centre temperature,Team engineering assumption - needs research,
Fuel,peak_to_avg_burnup,1.15,assumption,peak-rod / batch-average burnup,Team engineering assumption - needs research,
Economics,U3O8_usd_per_lb,96.5,sourced,"long-term price, 30 Sep 2026","Cameco uranium price (month-end, UxC/TradeTech average)",https://www.cameco.com/invest/markets/uranium-price
Economics,conversion_usd_kgU,55.5,sourced,"N. American long-term conversion, Aug 2026","August 2026 month-end TradeTech/UxC prices (conversion $55.50, SWU $183), as reported",https://x.com/quakes99/status/2094695542769012832
Economics,SWU_usd,183.0,sourced,"long-term enrichment price, Aug 2026","August 2026 month-end TradeTech/UxC prices (conversion $55.50, SWU $183), as reported",https://x.com/quakes99/status/2094695542769012832
Economics,tails_assay_pct,0.25,assumption,enrichment plant tails,Team engineering assumption - needs research,
Economics,fab_usd_per_kgU,491.0,sourced,"INL WIT fabrication, mean (from model.py)",INL Advanced Fuel Cycle Cost Basis (WIT values used in starter model.py),https://github.com/IdeasClinicUWaterloo/F26-NuclearIC/blob/main/Reactor%20Design%20Optimization/smr-reactor-design-optimizer/model.py
Economics,hardware_share_fab,0.3,sourced,share of fab toll that is hardware (from model.py),INL Advanced Fuel Cycle Cost Basis (WIT values used in starter model.py),https://github.com/IdeasClinicUWaterloo/F26-NuclearIC/blob/main/Reactor%20Design%20Optimization/smr-reactor-design-optimizer/model.py
Economics,backend_usd_per_kgHM,927.0,sourced,186 + 32 + 709 storage/transport/disposal (model.py),INL Advanced Fuel Cycle Cost Basis (WIT values used in starter model.py),https://github.com/IdeasClinicUWaterloo/F26-NuclearIC/blob/main/Reactor%20Design%20Optimization/smr-reactor-design-optimizer/model.py
Neutronics,e0_wt,0.7,sourced,enrichment intercept of the linear reactivity model,"Driscoll, Downar & Pilat, The Linear Reactivity Model for Nuclear Fuel Management (ANS, 1990)",
Neutronics,burnup_slope,14.175,derived,2n/(n+1) x 8.1 with n = 7 batches; GWd/t per wt%,"Driscoll, Downar & Pilat, The Linear Reactivity Model for Nuclear Fuel Management (ANS, 1990)",
Neutronics,resonance_weight,0.1,assumption,rough LWR epithermal weighting - replace with lattice code,Team engineering assumption - needs research,
Neutronics,calib_fecral_wall_mm,0.385,sourced,FeCrAl wall used in ORNL analysis,ORNL/TM-2021/1961 Extended-Enrichment Accident-Tolerant LWR fuel (FeCrAl penalty 0.4-0.8 wt%),https://www.nrc.gov/docs/ML2108/ML21088A254.pdf
Neutronics,calib_fecral_dE_wt,0.6,sourced,mid-point of the 0.4-0.8 wt% penalty,ORNL/TM-2021/1961 Extended-Enrichment Accident-Tolerant LWR fuel (FeCrAl penalty 0.4-0.8 wt%),https://www.nrc.gov/docs/ML2108/ML21088A254.pdf
Neutronics,calib_zr_wall_mm,0.64,sourced,nominal Zr-2 wall in ORNL analysis,ORNL/TM-2021/1961 Extended-Enrichment Accident-Tolerant LWR fuel (FeCrAl penalty 0.4-0.8 wt%),https://www.nrc.gov/docs/ML2108/ML21088A254.pdf
Neutronics,max_enrichment_wt,5.0,sourced,current fuel facility / transport limit,BWRX-300 DNNP GNF2 Fuel Design Qualification (CNSC CMD24-H3),https://api.cnsc-ccsn.gc.ca/dms/digital-medias/CMD24-H3-Ref-BWRX-300-DNNP-GNF2-Fuel-Design-Qualification-and-BWR-Fuel-Licensing-Non-Proprietary-Information.PDF/object
Neutronics,max_peak_rod_burnup,62.0,sourced,"peak-rod average burnup licensing limit, GWd/tU",NRC: 62 GWd/MTU peak-rod average burnup limit (RG 1.183 / current LWR fuel licensing),
LOCA,t_uncover_h,1.0,assumption,core uncovers 1 h after shutdown (beyond design basis),Team engineering assumption - needs research,
LOCA,h_steam_W_m2K,5.0,assumption,steam cooling of uncovered rods - BIGGEST UNCERTAINTY,Team engineering assumption - needs research,
LOCA,operation_s,31500000.0,assumption,1 year at power before shutdown (decay heat),Team engineering assumption - needs research,
LOCA,duration_min,90.0,assumption,simulated time without cooling,Team engineering assumption - needs research,
LOCA,pct_limit,1204.0,sourced,peak cladding temperature limit,10 CFR 50.46 ECCS acceptance criteria,https://www.nrc.gov/reading-rm/doc-collections/cfr/part050/part050-0046.html
LOCA,h2_limit_frac,0.01,sourced,1% of the H2 from reacting all reference cladding,10 CFR 50.46 ECCS acceptance criteria,https://www.nrc.gov/reading-rm/doc-collections/cfr/part050/part050-0046.html
LOCA,response_min,30.0,assumption,time to restore cooling; H2 is counted up to this time,Team engineering assumption - needs research,
LOCA,W0_g_cm2,0.001,assumption,pre-existing oxide (~7 um),Team engineering assumption - needs research,
Mechanical,collapse_sf_min,2.0,assumption,"elastic collapse safety factor, no credit for internal gas",Team engineering assumption - needs research,
Mechanical,moderation_band,0.1,assumption,water-to-fuel ratio within +/-10% of reference (void coefficient proxy),Team engineering assumption - needs research,
Mechanical,flow_area_min,0.95,assumption,flow area >= 95% of reference (natural circulation / CHF),Team engineering assumption - needs research,
Mechanical,min_layer_mm,0.01,derived,thinnest practical layer (Cr coatings ~0.01-0.02 mm; EPRI used ~0.05 mm),"Cheng et al., Evaluations of Mo-alloy for LWR fuel cladding (EPJ-N 2016): Mo 0.2-0.25 mm, ~0.05 mm Zr/FeCrAl coatings, Mo steam loss ~20-25 um/day at 1000 C (~100x below Zr)",https://www.epj-n.org/articles/epjn/full_html/2016/01/epjn150060/epjn150060.html
