design,minutes,hottest_clad_temp_C,core_hydrogen_kg,temp_limit_C,h2_limit_kg,cooling_restored_min
Today's rod,0.0,288.8389616881652,1.498971649262412e-10,1204.0,4.511718641173755,30.0
Today's rod,0.5,316.1044583233095,3.926889994903539e-09,1204.0,4.511718641173755,30.0
Today's rod,1.0,342.78043974614025,1.3565147582748182e-08,1204.0,4.511718641173755,30.0
Today's rod,1.5,368.8790173669882,3.842596731306949e-08,1204.0,4.511718641173755,30.0
Today's rod,2.0,394.4120563062324,1.015058459160898e-07,1204.0,4.511718641173755,30.0
Today's rod,2.5,419.39118227559965,2.5621863208460786e-07,1204.0,4.511718641173755,30.0
Today's rod,3.0,443.8277904661134,6.195490760685999e-07,1204.0,4.511718641173755,30.0
Today's rod,3.5,467.733058190826,1.4332417902462838e-06,1204.0,4.511718641173755,30.0
Today's rod,4.0,491.11796388861006,3.169821754062653e-06,1204.0,4.511718641173755,30.0
Today's rod,4.5,513.9933160590248,6.705950012872604e-06,1204.0,4.511718641173755,30.0
Today's rod,5.0,536.369796650271,1.3591289434115153e-05,1204.0,4.511718641173755,30.0
Today's rod,5.5,558.2580242163561,2.644593402894668e-05,1204.0,4.511718641173755,30.0
Today's rod,6.0,579.668642642899,4.952274765555831e-05,1204.0,4.511718641173755,30.0
Today's rod,6.5,600.612441273413,8.947193325278316e-05,1204.0,4.511718641173755,30.0
Today's rod,7.0,621.1005117312408,0.00015634320508669768,1204.0,4.511718641173755,30.0
Today's rod,7.5,641.1444455241485,0.00026485557733686157,1204.0,4.511718641173755,30.0
Today's rod,8.0,660.7565745298431,0.0004359555747501012,1204.0,4.511718641173755,30.0
Today's rod,8.5,679.9502535431992,0.0006986711033520822,1204.0,4.511718641173755,30.0
Today's rod,9.0,698.740180004809,0.0010922495839116582,1204.0,4.511718641173755,30.0
Today's rod,9.5,717.1427405477842,0.0016685443177101,1204.0,4.511718641173755,30.0
Today's rod,10.0,735.1763668324282,0.0024945814822832676,1204.0,4.511718641173755,30.0
Today's rod,10.5,752.8618742430918,0.0036552013343465663,1204.0,4.511718641173755,30.0
Today's rod,11.0,770.2227469530077,0.005255622690234882,1204.0,4.511718641173755,30.0
Today's rod,11.5,787.2853233083448,0.007423734809360211,1204.0,4.511718641173755,30.0
Today's rod,12.0,804.0788297702348,0.010311886198701674,1204.0,4.511718641173755,30.0
Today's rod,12.5,820.6352147804737,0.014097932320583774,1204.0,4.511718641173755,30.0
Today's rod,13.0,836.9887514005313,0.018985343178382238,1204.0,4.511718641173755,30.0
Today's rod,13.5,853.1754126039442,0.025202270735340586,1204.0,4.511718641173755,30.0
Today's rod,14.0,869.2320725504841,0.03299962983632926,1204.0,4.511718641173755,30.0
Today's rod,14.5,885.1956388923875,0.04264842144693933,1204.0,4.511718641173755,30.0
Today's rod,15.0,901.1022561506685,0.054436667412418205,1204.0,4.511718641173755,30.0
Today's rod,15.5,916.9867210797236,0.06866637724645738,1204.0,4.511718641173755,30.0
Today's rod,16.0,932.882212853466,0.08565090991312271,1204.0,4.511718641173755,30.0
Today's rod,16.5,948.820376606117,0.10571295781436059,1204.0,4.511718641173755,30.0
Today's rod,17.0,964.8317327415834,0.12918323034738527,1204.0,4.511718641173755,30.0
Today's rod,17.5,980.9463392328486,0.15639980961173944,1204.0,4.511718641173755,30.0
Today's rod,18.0,997.194620156395,0.1877081152847389,1204.0,4.511718641173755,30.0
Today's rod,18.5,1013.6082871919991,0.22346143639704877,1204.0,4.511718641173755,30.0
Today's rod,19.0,1030.2213101513926,0.26402203463325236,1204.0,4.511718641173755,30.0
Today's rod,19.5,1047.0709260676047,0.30976287183752343,1204.0,4.511718641173755,30.0
Today's rod,20.0,1064.1987067776104,0.36107005424074146,1204.0,4.511718641173755,30.0
Today's rod,20.5,1081.651730285053,0.41834612210110306,1204.0,4.511718641173755,30.0
Today's rod,21.0,1099.4839232981635,0.48201435750019234,1204.0,4.511718641173755,30.0
Today's rod,21.5,1117.7576650821597,0.552524347804962,1204.0,4.511718641173755,30.0
Today's rod,22.0,1136.5457711572037,0.6303591403418587,1204.0,4.511718641173755,30.0
Today's rod,22.5,1155.9340155811403,0.7160444696578693,1204.0,4.511718641173755,30.0
Today's rod,23.0,1176.0244108710215,0.8101607540050696,1204.0,4.511718641173755,30.0
Today's rod,23.5,1196.939557459795,0.9133588789380238,1204.0,4.511718641173755,30.0
Today's rod,24.0,1218.8285201102879,1.0263812767261287,1204.0,4.511718641173755,30.0
Today's rod,24.5,1241.8749213736526,1.1500905821922793,1204.0,4.511718641173755,30.0
Today's rod,25.0,1266.3083232520137,1.2855093978273722,1204.0,4.511718641173755,30.0
Today's rod,25.5,1292.4206107676323,1.4338768002490405,1204.0,4.511718641173755,30.0
Today's rod,26.0,1320.5902122830712,1.5967308676959147,1204.0,4.511718641173755,30.0
Today's rod,26.5,1351.3190273863408,1.7760331088461814,1204.0,4.511718641173755,30.0
Today's rod,27.0,1385.2908072231467,1.9743631915367703,1204.0,4.511718641173755,30.0
Today's rod,27.5,1423.4675212452134,2.1952374591248005,1204.0,4.511718641173755,30.0
Today's rod,28.0,1467.2569713219532,2.44365843573639,1204.0,4.511718641173755,30.0
Today's rod,28.5,1518.8238383417995,2.727127141581233,1204.0,4.511718641173755,30.0
Today's rod,29.0,1581.7164811970802,3.0576696925101805,1204.0,4.511718641173755,30.0
Today's rod,29.5,1662.2750352102398,3.4563629813217327,1204.0,4.511718641173755,30.0
Today's rod,30.0,1773.309492938641,3.965091246828927,1204.0,4.511718641173755,30.0
Today's rod,30.5,1850.0,4.387773052481146,1204.0,4.511718641173755,30.0
Today's rod,31.0,1850.0,4.55936611923655,1204.0,4.511718641173755,30.0
Today's rod,31.5,1850.0,4.741782979298329,1204.0,4.511718641173755,30.0
Today's rod,32.0,1850.0,4.935862708798627,1204.0,4.511718641173755,30.0
Today's rod,32.5,1850.0,5.142610609016311,1204.0,4.511718641173755,30.0
Today's rod,33.0,1850.0,5.363250404160039,1204.0,4.511718641173755,30.0
Today's rod,33.5,1850.0,5.59929877004167,1204.0,4.511718641173755,30.0
Today's rod,34.0,1850.0,5.852675004438756,1204.0,4.511718641173755,30.0
Today's rod,34.5,1850.0,6.125868154680701,1204.0,4.511718641173755,30.0
Today's rod,35.0,1850.0,6.4222024165434295,1204.0,4.511718641173755,30.0
Today's rod,35.5,1850.0,6.746279900050511,1204.0,4.511718641173755,30.0
Today's rod,36.0,1850.0,7.104765155091726,1204.0,4.511718641173755,30.0
Today's rod,36.5,1850.0,7.507884011421529,1204.0,4.511718641173755,30.0
Today's rod,37.0,1850.0,7.972579406752734,1204.0,4.511718641173755,30.0
Today's rod,37.5,1850.0,8.530085016563088,1204.0,4.511718641173755,30.0
Today's rod,38.0,1850.0,9.139536491245563,1204.0,4.511718641173755,30.0
Today's rod,38.5,1850.0,9.420121378548554,1204.0,4.511718641173755,30.0
Today's rod,39.0,1850.0,9.721389400052528,1204.0,4.511718641173755,30.0
Today's rod,39.5,1850.0,10.046954802029907,1204.0,4.511718641173755,30.0
Today's rod,40.0,1850.0,10.401719839628711,1204.0,4.511718641173755,30.0
Today's rod,40.5,1850.0,10.792556964299184,1204.0,4.511718641173755,30.0
Today's rod,41.0,1850.0,11.229499770804814,1204.0,4.511718641173755,30.0
Today's rod,41.5,1850.0,11.727965893126608,1204.0,4.511718641173755,30.0
Today's rod,42.0,1850.0,12.313275699836229,1204.0,4.511718641173755,30.0
Today's rod,42.5,1850.0,13.03093831304781,1204.0,4.511718641173755,30.0
Today's rod,43.0,1850.0,13.974079090039373,1204.0,4.511718641173755,30.0
Today's rod,43.5,1850.0,14.212333940642802,1204.0,4.511718641173755,30.0
Today's rod,44.0,1850.0,14.391972086566495,1204.0,4.511718641173755,30.0
Today's rod,44.5,1850.0,14.576742546478544,1204.0,4.511718641173755,30.0
Today's rod,45.0,1850.0,14.766799939946129,1204.0,4.511718641173755,30.0
Today's rod,45.5,1850.0,14.962315249738289,1204.0,4.511718641173755,30.0
Today's rod,46.0,1850.0,15.163477969362349,1204.0,4.511718641173755,30.0
Today's rod,46.5,1850.0,15.37049859923705,1204.0,4.511718641173755,30.0
Today's rod,47.0,1850.0,15.583611562882847,1204.0,4.511718641173755,30.0
Today's rod,47.5,1850.0,15.803078631960359,1204.0,4.511718641173755,30.0
Today's rod,48.0,1850.0,16.029192971500233,1204.0,4.511718641173755,30.0
Today's rod,48.5,1850.0,16.26228394594923,1204.0,4.511718641173755,30.0
Today's rod,49.0,1850.0,16.502722865081736,1204.0,4.511718641173755,30.0
Today's rod,49.5,1850.0,16.750929899728273,1204.0,4.511718641173755,30.0
Today's rod,50.0,1850.0,17.00738246539543,1204.0,4.511718641173755,30.0
Today's rod,50.5,1850.0,17.27262546402917,1204.0,4.511718641173755,30.0
Today's rod,51.0,1850.0,17.54728390038805,1204.0,4.511718641173755,30.0
Today's rod,51.5,1850.0,17.832078564553,1204.0,4.511718641173755,30.0
Today's rod,52.0,1850.0,18.12784571833073,1204.0,4.511718641173755,30.0
Today's rod,52.5,1850.0,18.435562074975866,1204.0,4.511718641173755,30.0
Today's rod,53.0,1850.0,18.756376872394668,1204.0,4.511718641173755,30.0
Today's rod,53.5,1850.0,19.09165359555957,1204.0,4.511718641173755,30.0
Today's rod,54.0,1850.0,19.44302504467669,1204.0,4.511718641173755,30.0
Today's rod,54.5,1850.0,19.81246720772815,1204.0,4.511718641173755,30.0
Today's rod,55.0,1850.0,20.2024001878815,1204.0,4.511718641173755,30.0
Today's rod,55.5,1850.0,20.61582898869203,1204.0,4.511718641173755,30.0
Today's rod,56.0,1850.0,21.056544629926243,1204.0,4.511718641173755,30.0
Today's rod,56.5,1850.0,21.529419483419055,1204.0,4.511718641173755,30.0
Today's rod,57.0,1850.0,22.040855232987077,1204.0,4.511718641173755,30.0
Today's rod,57.5,1850.0,22.599489010847165,1204.0,4.511718641173755,30.0
Today's rod,58.0,1850.0,23.21735966355577,1204.0,4.511718641173755,30.0
Today's rod,58.5,1850.0,23.911948421482947,1204.0,4.511718641173755,30.0
Today's rod,59.0,1850.0,24.71002119899337,1204.0,4.511718641173755,30.0
Today's rod,59.5,1850.0,25.655594872108107,1204.0,4.511718641173755,30.0
Today's rod,60.0,1850.0,26.82879339024673,1204.0,4.511718641173755,30.0
Today's rod,60.5,1850.0,27.523906185909347,1204.0,4.511718641173755,30.0
Today's rod,61.0,1850.0,28.23172787825146,1204.0,4.511718641173755,30.0
Today's rod,61.5,1850.0,29.133189390910854,1204.0,4.511718641173755,30.0
Today's rod,62.0,1850.0,29.50321009643344,1204.0,4.511718641173755,30.0
Today's rod,62.5,1850.0,29.613295481969267,1204.0,4.511718641173755,30.0
Today's rod,63.0,1850.0,29.72399182382733,1204.0,4.511718641173755,30.0
Today's rod,63.5,1850.0,29.835278330465183,1204.0,4.511718641173755,30.0
Today's rod,64.0,1850.0,29.947134226275814,1204.0,4.511718641173755,30.0
Today's rod,64.5,1850.0,30.0595387507206,1204.0,4.511718641173755,30.0
Today's rod,65.0,1850.0,30.17247115733251,1204.0,4.511718641173755,30.0
Today's rod,65.5,1850.0,30.28591071260258,1204.0,4.511718641173755,30.0
Today's rod,66.0,1850.0,30.399836694762246,1204.0,4.511718641173755,30.0
Today's rod,66.5,1850.0,30.514228392474063,1204.0,4.511718641173755,30.0
Today's rod,67.0,1850.0,30.629065103443207,1204.0,4.511718641173755,30.0
Today's rod,67.5,1850.0,30.744326132961767,1204.0,4.511718641173755,30.0
Today's rod,68.0,1850.0,30.859990792398232,1204.0,4.511718641173755,30.0
Today's rod,68.5,1850.0,30.976038397643908,1204.0,4.511718641173755,30.0
Today's rod,69.0,1850.0,31.09244826752836,1204.0,4.511718641173755,30.0
Today's rod,69.5,1850.0,31.209199722215814,1204.0,4.511718641173755,30.0
Today's rod,70.0,1850.0,31.32627208159425,1204.0,4.511718641173755,30.0
Today's rod,70.5,1850.0,31.443644663669208,1204.0,4.511718641173755,30.0
Today's rod,71.0,1850.0,31.561296782974086,1204.0,4.511718641173755,30.0
Today's rod,71.5,1850.0,31.6792077490089,1204.0,4.511718641173755,30.0
Today's rod,72.0,1850.0,31.797356864719323,1204.0,4.511718641173755,30.0
Today's rod,72.5,1850.0,31.915723425028098,1204.0,4.511718641173755,30.0
Today's rod,73.0,1850.0,32.03428671543078,1204.0,4.511718641173755,30.0
Today's rod,73.5,1850.0,32.153026010667986,1204.0,4.511718641173755,30.0
Today's rod,74.0,1850.0,32.27192057348628,1204.0,4.511718641173755,30.0
Today's rod,74.5,1850.0,32.39094965350004,1204.0,4.511718641173755,30.0
Today's rod,75.0,1850.0,32.510092486166876,1204.0,4.511718641173755,30.0
Today's rod,75.5,1850.0,32.62932829188883,1204.0,4.511718641173755,30.0
Today's rod,76.0,1850.0,32.74863627525244,1204.0,4.511718641173755,30.0
Today's rod,76.5,1850.0,32.86799562442027,1204.0,4.511718641173755,30.0
Today's rod,77.0,1850.0,32.98738551068717,1204.0,4.511718641173755,30.0
Today's rod,77.5,1850.0,33.10678508821435,1204.0,4.511718641173755,30.0
Today's rod,78.0,1850.0,33.22617349395485,1204.0,4.511718641173755,30.0
Today's rod,78.5,1850.0,33.34552984778407,1204.0,4.511718641173755,30.0
Today's rod,79.0,1850.0,33.46483325284923,1204.0,4.511718641173755,30.0
Today's rod,79.5,1850.0,33.58406279615213,1204.0,4.511718641173755,30.0
Today's rod,80.0,1850.0,33.70319754937947,1204.0,4.511718641173755,30.0
Today's rod,80.5,1850.0,33.822216569995625,1204.0,4.511718641173755,30.0
Today's rod,81.0,1850.0,33.9410989026129,1204.0,4.511718641173755,30.0
Today's rod,81.5,1850.0,34.05982358065457,1204.0,4.511718641173755,30.0
Today's rod,82.0,1850.0,34.17836962832636,1204.0,4.511718641173755,30.0
Today's rod,82.5,1850.0,34.296716062912346,1204.0,4.511718641173755,30.0
Today's rod,83.0,1850.0,34.41484189741157,1204.0,4.511718641173755,30.0
Today's rod,83.5,1850.0,34.53272614353175,1204.0,4.511718641173755,30.0
Today's rod,84.0,1850.0,34.65034781505703,1204.0,4.511718641173755,30.0
Today's rod,84.5,1850.0,34.76768593160677,1204.0,4.511718641173755,30.0
Today's rod,85.0,1850.0,34.88471952280261,1204.0,4.511718641173755,30.0
Today's rod,85.5,1850.0,35.001427632861166,1204.0,4.511718641173755,30.0
Today's rod,86.0,1850.0,35.11778932562987,1204.0,4.511718641173755,30.0
Today's rod,86.5,1850.0,35.23378369008369,1204.0,4.511718641173755,30.0
Today's rod,87.0,1850.0,35.34938984629978,1204.0,4.511718641173755,30.0
Today's rod,87.5,1850.0,35.46458695192779,1204.0,4.511718641173755,30.0
Today's rod,88.0,1850.0,35.579354209172834,1204.0,4.511718641173755,30.0
Today's rod,88.5,1850.0,35.693670872307514,1204.0,4.511718641173755,30.0
Today's rod,89.0,1850.0,35.807516255729624,1204.0,4.511718641173755,30.0
Today's rod,89.5,1850.0,35.920869742580656,1204.0,4.511718641173755,30.0
Today's rod,90.0,1850.0,36.033710793939726,1204.0,4.511718641173755,30.0
Zircaloy-2,0.0,288.78762721616937,1.6591097117058971e-10,1204.0,4.511718641173755,30.0
Zircaloy-2,0.5,315.2707638219531,4.2796271917997355e-09,1204.0,4.511718641173755,30.0
Zircaloy-2,1.0,341.1421793881704,1.447659985910639e-08,1204.0,4.511718641173755,30.0
Zircaloy-2,1.5,366.4153099537832,3.9994995295809445e-08,1204.0,4.511718641173755,30.0
Zircaloy-2,2.0,391.1032995566463,1.0286039971479039e-07,1204.0,4.511718641173755,30.0
Zircaloy-2,2.5,415.21900817990456,2.5282681476473846e-07,1204.0,4.511718641173755,30.0
Zircaloy-2,3.0,438.7750212745715,5.96108086548906e-07,1204.0,4.511718641173755,30.0
Zircaloy-2,3.5,461.7836621986616,1.347107822687166e-06,1204.0,4.511718641173755,30.0
Zircaloy-2,4.0,484.25700951356885,2.9160278947403346e-06,1204.0,4.511718641173755,30.0
Zircaloy-2,4.5,506.20692172082715,6.049123441443096e-06,1204.0,4.511718641173755,30.0
Zircaloy-2,5.0,527.6450726172573,1.2041992152372034e-05,1204.0,4.511718641173755,30.0
Zircaloy-2,5.5,548.5830008909509,2.304908722899565e-05,1204.0,4.511718641173755,30.0
Zircaloy-2,6.0,569.0321777758489,4.251409610542784e-05,1204.0,4.511718641173755,30.0
Zircaloy-2,6.5,589.0040964485809,7.574549434358411e-05,1204.0,4.511718641173755,30.0
Zircaloy-2,7.0,608.5103863332574,0.00013065916804098202,1204.0,4.511718641173755,30.0
Zircaloy-2,7.5,627.5629545465509,0.00021870533973091105,1204.0,4.511718641173755,30.0
Zircaloy-2,8.0,646.1741553463416,0.00035599007022059283,1204.0,4.511718641173755,30.0
Zircaloy-2,8.5,664.3569866153173,0.0005645923045841799,1204.0,4.511718641173755,30.0
Zircaloy-2,9.0,682.1253100652018,0.0008740656932203403,1204.0,4.511718641173755,30.0
Zircaloy-2,9.5,699.4940889070391,0.0013231000585961804,1204.0,4.511718641173755,30.0
Zircaloy-2,10.0,716.4796331075125,0.001961300148603326,1204.0,4.511718641173755,30.0
Zircaloy-2,10.5,733.0998380028318,0.0028510191083172655,1204.0,4.511718641173755,30.0
Zircaloy-2,11.0,749.3743971072131,0.004069161344450404,1204.0,4.511718641173755,30.0
Zircaloy-2,11.5,765.3249649277161,0.005708845757629982,1204.0,4.511718641173755,30.0
Zircaloy-2,12.0,780.9752415458211,0.00788079921997775,1204.0,4.511718641173755,30.0
Zircaloy-2,12.5,796.3509494188805,0.010714337716292821,1204.0,4.511718641173755,30.0
Zircaloy-2,13.0,811.4796766399126,0.01435779700587225,1204.0,4.511718641173755,30.0
Zircaloy-2,13.5,826.3905720781468,0.01897830459599931,1204.0,4.511718641173755,30.0
Zircaloy-2,14.0,841.113897448951,0.024760845270259173,1204.0,4.511718641173755,30.0
Zircaloy-2,14.5,855.6804676865373,0.03190665974951265,1204.0,4.511718641173755,30.0
Zircaloy-2,15.0,870.121038531017,0.04063111449341668,1204.0,4.511718641173755,30.0
Zircaloy-2,15.5,884.4657205601634,0.051161264157465115,1204.0,4.511718641173755,30.0
Zircaloy-2,16.0,898.7435037002798,0.06373336980882045,1204.0,4.511718641173755,30.0
Zircaloy-2,16.5,912.9819616519744,0.07859062100090906,1204.0,4.511718641173755,30.0
Zircaloy-2,17.0,927.2071750156239,0.09598124501771066,1204.0,4.511718641173755,30.0
Zircaloy-2,17.5,941.4438748775447,0.11615709802337416,1204.0,4.511718641173755,30.0
Zircaloy-2,18.0,955.7157767700127,0.13937275244630368,1204.0,4.511718641173755,30.0
Zircaloy-2,18.5,970.0460564734742,0.16588504519547426,1204.0,4.511718641173755,30.0
Zircaloy-2,19.0,984.4579162392058,0.19595303753576626,1204.0,4.511718641173755,30.0
Zircaloy-2,19.5,998.9751994924128,0.22983835059757352,1204.0,4.511718641173755,30.0
Zircaloy-2,20.0,1013.6230282937723,0.26780586618248886,1204.0,4.511718641173755,30.0
Zircaloy-2,20.5,1028.4284555824797,0.31012480927499697,1204.0,4.511718641173755,30.0
Zircaloy-2,21.0,1043.421140283807,0.3570702515730453,1204.0,4.511718641173755,30.0
Zircaloy-2,21.5,1058.6340667183965,0.4089250954334829,1204.0,4.511718641173755,30.0
Zircaloy-2,22.0,1074.1043410022874,0.465982619278934,1204.0,4.511718641173755,30.0
Zircaloy-2,22.5,1089.8741078119926,0.5285496941649522,1204.0,4.511718641173755,30.0
Zircaloy-2,23.0,1105.9916430199335,0.5969508223139441,1204.0,4.511718641173755,30.0
Zircaloy-2,23.5,1122.5126936503045,0.6715332077870694,1204.0,4.511718641173755,30.0
Zircaloy-2,24.0,1139.5021592858511,0.7526731546107446,1204.0,4.511718641173755,30.0
Zircaloy-2,24.5,1157.036242454378,0.8407842100631278,1204.0,4.511718641173755,30.0
Zircaloy-2,25.0,1175.2052455758362,0.9363276491183903,1204.0,4.511718641173755,30.0
Zircaloy-2,25.5,1194.117268163936,1.039826161213541,1204.0,4.511718641173755,30.0
Zircaloy-2,26.0,1213.9031756886784,1.1518820045801577,1204.0,4.511718641173755,30.0
Zircaloy-2,26.5,1234.7233973394498,1.2732015254417155,1204.0,4.511718641173755,30.0
Zircaloy-2,27.0,1256.7774106003017,1.4046289559543599,1204.0,4.511718641173755,30.0
Zircaloy-2,27.5,1280.317271179813,1.5471940901200385,1204.0,4.511718641173755,30.0
Zircaloy-2,28.0,1305.6674084852875,1.702181327192546,1204.0,4.511718641173755,30.0
Zircaloy-2,28.5,1333.2544476307298,1.8712327235118995,1204.0,4.511718641173755,30.0
Zircaloy-2,29.0,1363.6536992451377,2.056507292987097,1204.0,4.511718641173755,30.0
Zircaloy-2,29.5,1397.6646301078736,2.2609376405937534,1204.0,4.511718641173755,30.0
Zircaloy-2,30.0,1436.4395089951201,2.4886643680118667,1204.0,4.511718641173755,30.0
Zircaloy-2,30.5,1481.7162465735287,2.745817272440804,1204.0,4.511718641173755,30.0
Zircaloy-2,31.0,1536.2728937069626,3.0420311179434245,1204.0,4.511718641173755,30.0
Zircaloy-2,31.5,1604.9065308265992,3.393691859463726,1204.0,4.511718641173755,30.0
Zircaloy-2,32.0,1696.843978628524,3.8318878331853465,1204.0,4.511718641173755,30.0
Zircaloy-2,32.5,1832.9585911023769,4.42608630214512,1204.0,4.511718641173755,30.0
Zircaloy-2,33.0,1850.0,4.647044452152565,1204.0,4.511718641173755,30.0
Zircaloy-2,33.5,1850.0,4.794715725738302,1204.0,4.511718641173755,30.0
Zircaloy-2,34.0,1850.0,4.949787310012299,1204.0,4.511718641173755,30.0
Zircaloy-2,34.5,1850.0,5.112684034800546,1204.0,4.511718641173755,30.0
Zircaloy-2,35.0,1850.0,5.283903653356758,1204.0,4.511718641173755,30.0
Zircaloy-2,35.5,1850.0,5.464035860169939,1204.0,4.511718641173755,30.0
Zircaloy-2,36.0,1850.0,5.65378782514244,1204.0,4.511718641173755,30.0
Zircaloy-2,36.5,1850.0,5.854019195602965,1204.0,4.511718641173755,30.0
Zircaloy-2,37.0,1850.0,6.065791204754626,1204.0,4.511718641173755,30.0
Zircaloy-2,37.5,1850.0,6.290437410421846,1204.0,4.511718641173755,30.0
Zircaloy-2,38.0,1850.0,6.529668716778999,1204.0,4.511718641173755,30.0
Zircaloy-2,38.5,1850.0,6.785734864786687,1204.0,4.511718641173755,30.0
Zircaloy-2,39.0,1850.0,7.061683244819075,1204.0,4.511718641173755,30.0
Zircaloy-2,39.5,1850.0,7.361794772456446,1204.0,4.511718641173755,30.0
Zircaloy-2,40.0,1850.0,7.692363858694902,1204.0,4.511718641173755,30.0
Zircaloy-2,40.5,1850.0,8.063204394812502,1204.0,4.511718641173755,30.0
Zircaloy-2,41.0,1850.0,8.490858692080295,1204.0,4.511718641173755,30.0
Zircaloy-2,41.5,1850.0,9.00641230820939,1204.0,4.511718641173755,30.0
Zircaloy-2,42.0,1850.0,9.640555823288606,1204.0,4.511718641173755,30.0
Zircaloy-2,42.5,1850.0,9.860307499628423,1204.0,4.511718641173755,30.0
Zircaloy-2,43.0,1850.0,10.091303759740892,1204.0,4.511718641173755,30.0
Zircaloy-2,43.5,1850.0,10.334926727387593,1204.0,4.511718641173755,30.0
Zircaloy-2,44.0,1850.0,10.592918415162897,1204.0,4.511718641173755,30.0
Zircaloy-2,44.5,1850.0,10.867512654299322,1204.0,4.511718641173755,30.0
Zircaloy-2,45.0,1850.0,11.16163240461991,1204.0,4.511718641173755,30.0
Zircaloy-2,45.5,1850.0,11.479194972939673,1204.0,4.511718641173755,30.0
Zircaloy-2,46.0,1850.0,11.825603371683293,1204.0,4.511718641173755,30.0
Zircaloy-2,46.5,1850.0,12.208576177347616,1204.0,4.511718641173755,30.0
Zircaloy-2,47.0,1850.0,12.639633877539982,1204.0,4.511718641173755,30.0
Zircaloy-2,47.5,1850.0,13.136964898867946,1204.0,4.511718641173755,30.0
Zircaloy-2,48.0,1850.0,13.731507005283834,1204.0,4.511718641173755,30.0
Zircaloy-2,48.5,1850.0,14.481638108319167,1204.0,4.511718641173755,30.0
Zircaloy-2,49.0,1850.0,15.370158227416542,1204.0,4.511718641173755,30.0
Zircaloy-2,49.5,1850.0,15.499406665270893,1204.0,4.511718641173755,30.0
Zircaloy-2,50.0,1850.0,15.630474595983822,1204.0,4.511718641173755,30.0
Zircaloy-2,50.5,1850.0,15.763349428834088,1204.0,4.511718641173755,30.0
Zircaloy-2,51.0,1850.0,15.89801936502072,1204.0,4.511718641173755,30.0
Zircaloy-2,51.5,1850.0,16.034473452176012,1204.0,4.511718641173755,30.0
Zircaloy-2,52.0,1850.0,16.17270164123754,1204.0,4.511718641173755,30.0
Zircaloy-2,52.5,1850.0,16.312694845999882,1204.0,4.511718641173755,30.0
Zircaloy-2,53.0,1850.0,16.454445005690125,1204.0,4.511718641173755,30.0
Zircaloy-2,53.5,1850.0,16.597945150939353,1204.0,4.511718641173755,30.0
Zircaloy-2,54.0,1850.0,16.743189473554438,1204.0,4.511718641173755,30.0
Zircaloy-2,54.5,1850.0,16.890173400532277,1204.0,4.511718641173755,30.0
Zircaloy-2,55.0,1850.0,17.038893672801866,1204.0,4.511718641173755,30.0
Zircaloy-2,55.5,1850.0,17.18934842922971,1204.0,4.511718641173755,30.0
Zircaloy-2,56.0,1850.0,17.341537296481427,1204.0,4.511718641173755,30.0
Zircaloy-2,56.5,1850.0,17.495461485398447,1204.0,4.511718641173755,30.0
Zircaloy-2,57.0,1850.0,17.65112389462487,1204.0,4.511718641173755,30.0
Zircaloy-2,57.5,1850.0,17.808529222306507,1204.0,4.511718641173755,30.0
Zircaloy-2,58.0,1850.0,17.967684086785038,1204.0,4.511718641173755,30.0
Zircaloy-2,58.5,1850.0,18.128597157325977,1204.0,4.511718641173755,30.0
Zircaloy-2,59.0,1850.0,18.29127929605316,1204.0,4.511718641173755,30.0
Zircaloy-2,59.5,1850.0,18.455743712417462,1204.0,4.511718641173755,30.0
Zircaloy-2,60.0,1850.0,18.62200613170738,1204.0,4.511718641173755,30.0
Zircaloy-2,60.5,1850.0,18.79008497931794,1204.0,4.511718641173755,30.0
Zircaloy-2,61.0,1850.0,18.960001582738645,1204.0,4.511718641173755,30.0
Zircaloy-2,61.5,1850.0,19.1317803935056,1204.0,4.511718641173755,30.0
Zircaloy-2,62.0,1850.0,19.305449231697622,1204.0,4.511718641173755,30.0
Zircaloy-2,62.5,1850.0,19.48103955594902,1204.0,4.511718641173755,30.0
Zircaloy-2,63.0,1850.0,19.65858676241565,1204.0,4.511718641173755,30.0
Zircaloy-2,63.5,1850.0,19.83813051668061,1204.0,4.511718641173755,30.0
Zircaloy-2,64.0,1850.0,20.019715123238875,1204.0,4.511718641173755,30.0
Zircaloy-2,64.5,1850.0,20.20338993798001,1204.0,4.511718641173755,30.0
Zircaloy-2,65.0,1850.0,20.389209830022214,1204.0,4.511718641173755,30.0
Zircaloy-2,65.5,1850.0,20.577235700375002,1204.0,4.511718641173755,30.0
Zircaloy-2,66.0,1850.0,20.76753506626734,1204.0,4.511718641173755,30.0
Zircaloy-2,66.5,1850.0,20.960182721628318,1204.0,4.511718641173755,30.0
Zircaloy-2,67.0,1850.0,21.155261486223182,1204.0,4.511718641173755,30.0
Zircaloy-2,67.5,1850.0,21.3528630584203,1204.0,4.511718641173755,30.0
Zircaloy-2,68.0,1850.0,21.55308898961655,1204.0,4.511718641173755,30.0
Zircaloy-2,68.5,1850.0,21.75605180213702,1204.0,4.511718641173755,30.0
Zircaloy-2,69.0,1850.0,21.96187627715622,1204.0,4.511718641173755,30.0
Zircaloy-2,69.5,1850.0,22.170700945137003,1204.0,4.511718641173755,30.0
Zircaloy-2,70.0,1850.0,22.38267981881438,1204.0,4.511718641173755,30.0
Zircaloy-2,70.5,1850.0,22.597984418357022,1204.0,4.511718641173755,30.0
Zircaloy-2,71.0,1850.0,22.816806150686315,1204.0,4.511718641173755,30.0
Zircaloy-2,71.5,1850.0,23.039359120938464,1204.0,4.511718641173755,30.0
Zircaloy-2,72.0,1850.0,23.26588347498843,1204.0,4.511718641173755,30.0
Zircaloy-2,72.5,1850.0,23.496649399595572,1204.0,4.511718641173755,30.0
Zircaloy-2,73.0,1850.0,23.731961943605135,1204.0,4.511718641173755,30.0
Zircaloy-2,73.5,1850.0,23.97216687337449,1204.0,4.511718641173755,30.0
Zircaloy-2,74.0,1850.0,24.21765784347304,1204.0,4.511718641173755,30.0
Zircaloy-2,74.5,1850.0,24.468885257543413,1204.0,4.511718641173755,30.0
Zircaloy-2,75.0,1850.0,24.72636732574454,1204.0,4.511718641173755,30.0
Zircaloy-2,75.5,1850.0,24.990704012364645,1204.0,4.511718641173755,30.0
Zircaloy-2,76.0,1850.0,25.26259483793468,1204.0,4.511718641173755,30.0
Zircaloy-2,76.5,1850.0,25.5428618989164,1204.0,4.511718641173755,30.0
Zircaloy-2,77.0,1850.0,25.832480067028264,1204.0,4.511718641173755,30.0
Zircaloy-2,77.5,1850.0,26.132617249950297,1204.0,4.511718641173755,30.0
Zircaloy-2,78.0,1850.0,26.44468904191115,1204.0,4.511718641173755,30.0
Zircaloy-2,78.5,1850.0,26.770434431209985,1204.0,4.511718641173755,30.0
Zircaloy-2,79.0,1850.0,27.112023129025264,1204.0,4.511718641173755,30.0
Zircaloy-2,79.5,1850.0,27.47221180796915,1204.0,4.511718641173755,30.0
Zircaloy-2,80.0,1850.0,27.85457860979105,1204.0,4.511718641173755,30.0
Zircaloy-2,80.5,1850.0,28.26388796962639,1204.0,4.511718641173755,30.0
Zircaloy-2,81.0,1850.0,28.706682806357225,1204.0,4.511718641173755,30.0
Zircaloy-2,81.5,1850.0,29.192296299568824,1204.0,4.511718641173755,30.0
Zircaloy-2,82.0,1850.0,29.734693014724318,1204.0,4.511718641173755,30.0
Zircaloy-2,82.5,1850.0,30.35609683755337,1204.0,4.511718641173755,30.0
Zircaloy-2,83.0,1850.0,31.09492409688632,1204.0,4.511718641173755,30.0
Zircaloy-2,83.5,1850.0,31.80966376167763,1204.0,4.511718641173755,30.0
Zircaloy-2,84.0,1850.0,32.03208227730797,1204.0,4.511718641173755,30.0
Zircaloy-2,84.5,1850.0,32.26496272270712,1204.0,4.511718641173755,30.0
Zircaloy-2,85.0,1850.0,32.51002923152911,1204.0,4.511718641173755,30.0
Zircaloy-2,85.5,1850.0,32.76944572287182,1204.0,4.511718641173755,30.0
Zircaloy-2,86.0,1850.0,33.04597486305273,1204.0,4.511718641173755,30.0
Zircaloy-2,86.5,1850.0,33.343214604945416,1204.0,4.511718641173755,30.0
Zircaloy-2,87.0,1850.0,33.665961862262584,1204.0,4.511718641173755,30.0
Zircaloy-2,87.5,1850.0,34.020793631185946,1204.0,4.511718641173755,30.0
Zircaloy-2,88.0,1850.0,34.4170394608715,1204.0,4.511718641173755,30.0
Zircaloy-2,88.5,1850.0,34.86850316057911,1204.0,4.511718641173755,30.0
Zircaloy-2,89.0,1850.0,35.39673330741287,1204.0,4.511718641173755,30.0
Zircaloy-2,89.5,1850.0,36.037825226842315,1204.0,4.511718641173755,30.0
Zircaloy-2,90.0,1850.0,36.858396175599566,1204.0,4.511718641173755,30.0
Cr-coated Zr,0.0,288.7964273368385,1.4916804383225697e-11,1204.0,4.511718641173755,30.0
Cr-coated Zr,0.5,315.4391321691592,3.8591539619699596e-10,1204.0,4.511718641173755,30.0
Cr-coated Zr,1.0,341.52025660159774,1.3118111625488376e-09,1204.0,4.511718641173755,30.0
Cr-coated Zr,1.5,367.05104568051996,3.649138461448097e-09,1204.0,4.511718641173755,30.0
Cr-coated Zr,2.0,392.042520440327,9.465305578963681e-09,1204.0,4.511718641173755,30.0
Cr-coated Zr,2.5,416.5054824885588,2.349198502166453e-08,1204.0,4.511718641173755,30.0
Cr-coated Zr,3.0,440.4505185748136,5.596845598530694e-08,1204.0,4.511718641173755,30.0
Cr-coated Zr,3.5,463.88800520938327,1.27852160738456e-07,1204.0,4.511718641173755,30.0
Cr-coated Zr,4.0,486.82811342884145,2.798032361205323e-07,1204.0,4.511718641173755,30.0
Cr-coated Zr,4.5,509.28081384142035,5.868323164129752e-07,1204.0,4.511718641173755,30.0
Cr-coated Zr,5.0,531.2558821209291,1.1809890314254654e-06,1204.0,4.511718641173755,30.0
Cr-coated Zr,5.5,552.7629051491608,2.2849027962282816e-06,1204.0,4.511718641173755,30.0
Cr-coated Zr,6.0,573.8112880279702,4.2593047410473815e-06,1204.0,4.511718641173755,30.0
Cr-coated Zr,6.5,594.4102621888325,7.66780324672175e-06,1204.0,4.511718641173755,30.0
Cr-coated Zr,7.0,614.5688948164461,1.3362112741738019e-05,1204.0,4.511718641173755,30.0
Cr-coated Zr,7.5,634.2960997722097,2.259062269125987e-05,1204.0,4.511718641173755,30.0
Cr-coated Zr,8.0,653.6006501533715,3.713263782576186e-05,1204.0,4.511718641173755,30.0
Cr-coated Zr,8.5,672.4911925559128,5.94598366869488e-05,1204.0,4.511718641173755,30.0
Cr-coated Zr,9.0,690.9762630263048,9.29255118258857e-05,1204.0,4.511718641173755,30.0
Cr-coated Zr,9.5,709.0643045919139,0.00014198100685942997,1204.0,4.511718641173755,30.0
Cr-coated Zr,10.0,726.7636861544902,0.00021241748891374145,1204.0,4.511718641173755,30.0
Cr-coated Zr,10.5,744.0827224175256,0.00031162982114191597,1204.0,4.511718641173755,30.0
Cr-coated Zr,11.0,761.0296943971475,0.0004488978528571651,1204.0,4.511718641173755,30.0
Cr-coated Zr,11.5,777.6128699379118,0.0006356789416619285,1204.0,4.511718641173755,30.0
Cr-coated Zr,12.0,793.8405235198351,0.0008859039779602196,1204.0,4.511718641173755,30.0
Cr-coated Zr,12.5,809.7209545032113,0.0012162676195353467,1204.0,4.511718641173755,30.0
Cr-coated Zr,13.0,825.2625028182654,0.001646501904720728,1204.0,4.511718641173755,30.0
Cr-coated Zr,13.5,840.4735609777783,0.0021996209752236915,1204.0,4.511718641173755,30.0
Cr-coated Zr,14.0,855.3625811897256,0.0029021234342079703,1204.0,4.511718641173755,30.0
Cr-coated Zr,14.5,869.9380762993145,0.0037841380859657066,1204.0,4.511718641173755,30.0
Cr-coated Zr,15.0,884.2086133290404,0.004879498709053103,1204.0,4.511718641173755,30.0
Cr-coated Zr,15.5,898.1827985498717,0.006225734409237394,1204.0,4.511718641173755,30.0
Cr-coated Zr,16.0,911.8692533428978,0.00786396428504323,1204.0,4.511718641173755,30.0
Cr-coated Zr,16.5,925.2765806226553,0.009838688842007347,1204.0,4.511718641173755,30.0
Cr-coated Zr,17.0,938.4133222886435,0.012197475858004188,1204.0,4.511718641173755,30.0
Cr-coated Zr,17.5,951.2879090086938,0.01499054499658231,1204.0,4.511718641173755,30.0
Cr-coated Zr,18.0,963.9086045284612,0.018270262808132477,1204.0,4.511718641173755,30.0
Cr-coated Zr,18.5,976.2834475143733,0.022090566941109162,1204.0,4.511718641173755,30.0
Cr-coated Zr,19.0,988.4201945195534,0.026506344300221984,1204.0,4.511718641173755,30.0
Cr-coated Zr,19.5,1000.3262678725412,0.03157279146841455,1204.0,4.511718641173755,30.0
Cr-coated Zr,20.0,1012.0087120396834,0.037344786217550316,1204.0,4.511718641173755,30.0
Cr-coated Zr,20.5,1023.4741613029901,0.0438762962046582,1204.0,4.511718641173755,30.0
Cr-coated Zr,21.0,1034.728820522535,0.05121984548647739,1204.0,4.511718641173755,30.0
Cr-coated Zr,21.5,1045.7784594910077,0.059426052337961215,1204.0,4.511718641173755,30.0
Cr-coated Zr,22.0,1056.6284201473838,0.06854324435010584,1204.0,4.511718641173755,30.0
Cr-coated Zr,22.5,1067.2836348878445,0.07861715014005224,1204.0,4.511718641173755,30.0
Cr-coated Zr,23.0,1077.748653523742,0.08969066208051286,1204.0,4.511718641173755,30.0
Cr-coated Zr,23.5,1088.027676134152,0.10180366157403878,1204.0,4.511718641173755,30.0
Cr-coated Zr,24.0,1098.1245891120668,0.11499289740469788,1204.0,4.511718641173755,30.0
Cr-coated Zr,24.5,1108.043002022768,0.12929190811846408,1204.0,4.511718641173755,30.0
Cr-coated Zr,25.0,1117.7862833721567,0.14473098062039896,1204.0,4.511718641173755,30.0
Cr-coated Zr,25.5,1127.3575939189361,0.1613371386936945,1204.0,4.511718641173755,30.0
Cr-coated Zr,26.0,1136.759916677218,0.1791341565604787,1204.0,4.511718641173755,30.0
Cr-coated Zr,26.5,1145.996083194545,0.19814259371559453,1204.0,4.511718641173755,30.0
Cr-coated Zr,27.0,1155.0687960310022,0.2183798480231546,1204.0,4.511718641173755,30.0
Cr-coated Zr,27.5,1163.980647605628,0.2398602245215131,1204.0,4.511718641173755,30.0
Cr-coated Zr,28.0,1172.7341357276046,0.2625950176300787,1204.0,4.511718641173755,30.0
Cr-coated Zr,28.5,1181.3316762089476,0.28659260458930075,1204.0,4.511718641173755,30.0
Cr-coated Zr,29.0,1189.7756129813922,0.3118585480705891,1204.0,4.511718641173755,30.0
Cr-coated Zr,29.5,1198.0682261299453,0.33839570601380176,1204.0,4.511718641173755,30.0
Cr-coated Zr,30.0,1206.2117382232004,0.3662043469061825,1204.0,4.511718641173755,30.0
Cr-coated Zr,30.5,1214.208319276614,0.39528226890760026,1204.0,4.511718641173755,30.0
Cr-coated Zr,31.0,1222.0600906369448,0.425624921439811,1204.0,4.511718641173755,30.0
Cr-coated Zr,31.5,1229.7691280288113,0.45722552807508915,1204.0,4.511718641173755,30.0
Cr-coated Zr,32.0,1237.3374639606714,0.49007520976587815,1204.0,4.511718641173755,30.0
Cr-coated Zr,32.5,1244.7670896489014,0.5241631076402302,1204.0,4.511718641173755,30.0
Cr-coated Zr,33.0,1252.05995658555,0.5594765047411292,1204.0,4.511718641173755,30.0
Cr-coated Zr,33.5,1259.2179778476395,0.5960009462097537,1204.0,4.511718641173755,30.0
Cr-coated Zr,34.0,1266.2430292231704,0.6337203575055035,1204.0,4.511718641173755,30.0
Cr-coated Zr,34.5,1273.1369502106686,0.6726171603238807,1204.0,4.511718641173755,30.0
Cr-coated Zr,35.0,1279.9015449345304,0.7126723859227616,1204.0,4.511718641173755,30.0
Cr-coated Zr,35.5,1286.538583006994,0.7538657856040191,1204.0,4.511718641173755,30.0
Cr-coated Zr,36.0,1293.0498003586767,0.7961759381258409,1204.0,4.511718641173755,30.0
Cr-coated Zr,36.5,1299.4369000528407,0.8395803538454606,1204.0,4.511718641173755,30.0
Cr-coated Zr,37.0,1305.7015530933963,0.8840555754150882,1204.0,4.511718641173755,30.0
Cr-coated Zr,37.5,1311.8453992328218,0.9295772748773016,1204.0,4.511718641173755,30.0
Cr-coated Zr,38.0,1317.87004778336,0.9761203470307679,1204.0,4.511718641173755,30.0
Cr-coated Zr,38.5,1323.777078432824,1.0236589989629636,1204.0,4.511718641173755,30.0
Cr-coated Zr,39.0,1329.5680420649246,1.0721668356732297,1204.0,4.511718641173755,30.0
Cr-coated Zr,39.5,1357.794439600659,1.189902235993701,1204.0,4.511718641173755,30.0
Cr-coated Zr,40.0,1408.2982065141405,1.3787846450968688,1204.0,4.511718641173755,30.0
Cr-coated Zr,40.5,1464.5817927234032,1.5902191534664678,1204.0,4.511718641173755,30.0
Cr-coated Zr,41.0,1530.2693051183717,1.8362233419479446,1204.0,4.511718641173755,30.0
Cr-coated Zr,41.5,1611.1378623879427,2.1359736871820827,1204.0,4.511718641173755,30.0
Cr-coated Zr,42.0,1718.0797348875994,2.5254796652142786,1204.0,4.511718641173755,30.0
Cr-coated Zr,42.5,1850.0,3.0012719664342704,1204.0,4.511718641173755,30.0
Cr-coated Zr,43.0,1850.0,3.0414492944757496,1204.0,4.511718641173755,30.0
Cr-coated Zr,43.5,1850.0,3.0822107443351467,1204.0,4.511718641173755,30.0
Cr-coated Zr,44.0,1850.0,3.1235336925632184,1204.0,4.511718641173755,30.0
Cr-coated Zr,44.5,1850.0,3.1653955518306214,1204.0,4.511718641173755,30.0
Cr-coated Zr,45.0,1850.0,3.207773809725041,1204.0,4.511718641173755,30.0
Cr-coated Zr,45.5,1850.0,3.2506460645365296,1204.0,4.511718641173755,30.0
Cr-coated Zr,46.0,1850.0,3.2939900581768375,1204.0,4.511718641173755,30.0
Cr-coated Zr,46.5,1850.0,3.3377837063780635,1204.0,4.511718641173755,30.0
Cr-coated Zr,47.0,1850.0,3.3820051263142825,1204.0,4.511718641173755,30.0
Cr-coated Zr,47.5,1850.0,3.426632661787231,1204.0,4.511718641173755,30.0
Cr-coated Zr,48.0,1850.0,3.4716449061138195,1204.0,4.511718641173755,30.0
Cr-coated Zr,48.5,1850.0,3.517020722849272,1204.0,4.511718641173755,30.0
Cr-coated Zr,49.0,1850.0,3.562739264475305,1204.0,4.511718641173755,30.0
Cr-coated Zr,49.5,1850.0,3.6087799891779078,1204.0,4.511718641173755,30.0
Cr-coated Zr,50.0,1850.0,3.6551226758343316,1204.0,4.511718641173755,30.0
Cr-coated Zr,50.5,1850.0,3.701747437323599,1204.0,4.511718641173755,30.0
Cr-coated Zr,51.0,1850.0,3.748634732269612,1204.0,4.511718641173755,30.0
Cr-coated Zr,51.5,1850.0,3.795765375320576,1204.0,4.511718641173755,30.0
Cr-coated Zr,52.0,1850.0,3.8431205460631723,1204.0,4.511718641173755,30.0
Cr-coated Zr,52.5,1850.0,3.890681796664695,1204.0,4.511718641173755,30.0
Cr-coated Zr,53.0,1850.0,3.9384310583312407,1204.0,4.511718641173755,30.0
Cr-coated Zr,53.5,1850.0,3.9863506466651124,1204.0,4.511718641173755,30.0
Cr-coated Zr,54.0,1850.0,4.034423265999733,1204.0,4.511718641173755,30.0
Cr-coated Zr,54.5,1850.0,4.082632012785805,1204.0,4.511718641173755,30.0
Cr-coated Zr,55.0,1850.0,4.130960378097989,1204.0,4.511718641173755,30.0
Cr-coated Zr,55.5,1850.0,4.179392249327144,1204.0,4.511718641173755,30.0
Cr-coated Zr,56.0,1850.0,4.2279119111191585,1204.0,4.511718641173755,30.0
Cr-coated Zr,56.5,1850.0,4.2765040456176155,1204.0,4.511718641173755,30.0
Cr-coated Zr,57.0,1850.0,4.325153732063854,1204.0,4.511718641173755,30.0
Cr-coated Zr,57.5,1850.0,4.373846445804649,1204.0,4.511718641173755,30.0
Cr-coated Zr,58.0,1850.0,4.422568056754488,1204.0,4.511718641173755,30.0
Cr-coated Zr,58.5,1850.0,4.471304827356421,1204.0,4.511718641173755,30.0
Cr-coated Zr,59.0,1850.0,4.520043410082586,1204.0,4.511718641173755,30.0
Cr-coated Zr,59.5,1850.0,4.5687708445129,1204.0,4.511718641173755,30.0
Cr-coated Zr,60.0,1850.0,4.617474554027872,1204.0,4.511718641173755,30.0
Cr-coated Zr,60.5,1850.0,4.666142342149198,1204.0,4.511718641173755,30.0
Cr-coated Zr,61.0,1850.0,4.714762388559543,1204.0,4.511718641173755,30.0
Cr-coated Zr,61.5,1850.0,4.763323244830977,1204.0,4.511718641173755,30.0
Cr-coated Zr,62.0,1850.0,4.8118138298894895,1204.0,4.511718641173755,30.0
Cr-coated Zr,62.5,1850.0,4.860223425241353,1204.0,4.511718641173755,30.0
Cr-coated Zr,63.0,1850.0,4.90854166998532,1204.0,4.511718641173755,30.0
Cr-coated Zr,63.5,1850.0,4.956758555633159,1204.0,4.511718641173755,30.0
Cr-coated Zr,64.0,1850.0,5.00486442075951,1204.0,4.511718641173755,30.0
Cr-coated Zr,64.5,1850.0,5.052849945500744,1204.0,4.511718641173755,30.0
Cr-coated Zr,65.0,1850.0,5.100706145921134,1204.0,4.511718641173755,30.0
Cr-coated Zr,65.5,1850.0,5.148424368263571,1204.0,4.511718641173755,30.0
Cr-coated Zr,66.0,1850.0,5.195996283100814,1204.0,4.511718641173755,30.0
Cr-coated Zr,66.5,1850.0,5.243413879402321,1204.0,4.511718641173755,30.0
Cr-coated Zr,67.0,1850.0,5.290669458530623,1204.0,4.511718641173755,30.0
Cr-coated Zr,67.5,1850.0,5.337755628180387,1204.0,4.511718641173755,30.0
Cr-coated Zr,68.0,1850.0,5.38466529627234,1204.0,4.511718641173755,30.0
Cr-coated Zr,68.5,1850.0,5.431391664813494,1204.0,4.511718641173755,30.0
Cr-coated Zr,69.0,1850.0,5.47792822373432,1204.0,4.511718641173755,30.0
Cr-coated Zr,69.5,1850.0,5.524268744712761,1204.0,4.511718641173755,30.0
Cr-coated Zr,70.0,1850.0,5.570407274994389,1204.0,4.511718641173755,30.0
Cr-coated Zr,70.5,1850.0,5.616338131217276,1204.0,4.511718641173755,30.0
Cr-coated Zr,71.0,1850.0,5.662055893249604,1204.0,4.511718641173755,30.0
Cr-coated Zr,71.5,1850.0,5.707555398047481,1204.0,4.511718641173755,30.0
Cr-coated Zr,72.0,1850.0,5.752831733539859,1204.0,4.511718641173755,30.0
Cr-coated Zr,72.5,1850.0,5.797880232546982,1204.0,4.511718641173755,30.0
Cr-coated Zr,73.0,1850.0,5.84269646673829,1204.0,4.511718641173755,30.0
Cr-coated Zr,73.5,1850.0,5.8872762406352965,1204.0,4.511718641173755,30.0
Cr-coated Zr,74.0,1850.0,5.93161558566449,1204.0,4.511718641173755,30.0
Cr-coated Zr,74.5,1850.0,5.975710754264934,1204.0,4.511718641173755,30.0
Cr-coated Zr,75.0,1850.0,6.056104584562098,1204.0,4.511718641173755,30.0
Cr-coated Zr,75.5,1850.0,6.173795976325275,1204.0,4.511718641173755,30.0
Cr-coated Zr,76.0,1850.0,6.299744844740086,1204.0,4.511718641173755,30.0
Cr-coated Zr,76.5,1850.0,6.435838754831991,1204.0,4.511718641173755,30.0
Cr-coated Zr,77.0,1850.0,6.584640091919274,1204.0,4.511718641173755,30.0
Cr-coated Zr,77.5,1850.0,6.749747852754989,1204.0,4.511718641173755,30.0
Cr-coated Zr,78.0,1850.0,6.936429993463369,1204.0,4.511718641173755,30.0
Cr-coated Zr,78.5,1850.0,7.15280588606483,1204.0,4.511718641173755,30.0
Cr-coated Zr,79.0,1850.0,7.412255894955693,1204.0,4.511718641173755,30.0
Cr-coated Zr,79.5,1850.0,7.738923666688042,1204.0,4.511718641173755,30.0
Cr-coated Zr,80.0,1850.0,8.182449262962951,1204.0,4.511718641173755,30.0
Cr-coated Zr,80.5,1850.0,8.216512237508827,1204.0,4.511718641173755,30.0
Cr-coated Zr,81.0,1850.0,8.250351909537601,1204.0,4.511718641173755,30.0
Cr-coated Zr,81.5,1850.0,8.283967146095922,1204.0,4.511718641173755,30.0
Cr-coated Zr,82.0,1850.0,8.31735693379881,1204.0,4.511718641173755,30.0
Cr-coated Zr,82.5,1850.0,8.350520374888061,1204.0,4.511718641173755,30.0
Cr-coated Zr,83.0,1850.0,8.383456683370481,1204.0,4.511718641173755,30.0
Cr-coated Zr,83.5,1850.0,8.416165181236044,1204.0,4.511718641173755,30.0
Cr-coated Zr,84.0,1850.0,8.448645294755984,1204.0,4.511718641173755,30.0
Cr-coated Zr,84.5,1850.0,8.480896550860649,1204.0,4.511718641173755,30.0
Cr-coated Zr,85.0,1850.0,8.51291857359693,1204.0,4.511718641173755,30.0
Cr-coated Zr,85.5,1850.0,8.544711080664925,1204.0,4.511718641173755,30.0
Cr-coated Zr,86.0,1850.0,8.57627388003345,1204.0,4.511718641173755,30.0
Cr-coated Zr,86.5,1850.0,8.607606866633905,1204.0,4.511718641173755,30.0
Cr-coated Zr,87.0,1850.0,8.638710019131976,1204.0,4.511718641173755,30.0
Cr-coated Zr,87.5,1850.0,8.6695833967765,1204.0,4.511718641173755,30.0
Cr-coated Zr,88.0,1850.0,8.700227136324855,1204.0,4.511718641173755,30.0
Cr-coated Zr,88.5,1850.0,8.730641449044098,1204.0,4.511718641173755,30.0
Cr-coated Zr,89.0,1850.0,8.760826617787117,1204.0,4.511718641173755,30.0
Cr-coated Zr,89.5,1850.0,8.790782994142866,1204.0,4.511718641173755,30.0
Cr-coated Zr,90.0,1850.0,8.82051099565989,1204.0,4.511718641173755,30.0
FeCrAl,0.0,288.67498220135843,3.276880939625177e-13,1204.0,4.511718641173755,30.0
FeCrAl,0.5,313.510435838945,8.178181441824147e-12,1204.0,4.511718641173755,30.0
FeCrAl,1.0,337.8111463599278,2.652951509131097e-11,1204.0,4.511718641173755,30.0
FeCrAl,1.5,361.58805338858286,6.991024916977633e-11,1204.0,4.511718641173755,30.0
FeCrAl,2.0,384.8518739993006,1.713738297316415e-10,1204.0,4.511718641173755,30.0
FeCrAl,2.5,407.613107292821,4.0269339392821077e-10,1204.0,4.511718641173755,30.0
FeCrAl,3.0,429.8820388776479,9.121971458181084e-10,1204.0,4.511718641173755,30.0
FeCrAl,3.5,451.6687452604167,1.991602442971307e-09,1204.0,4.511718641173755,30.0
FeCrAl,4.0,472.9830981496431,4.187719168567419e-09,1204.0,4.511718641173755,30.0
FeCrAl,4.5,493.83476867801295,8.479869001558989e-09,1204.0,4.511718641173755,30.0
FeCrAl,5.0,514.2332315490924,1.6548698336938594e-08,1204.0,4.511718641173755,30.0
FeCrAl,5.5,534.1877691149472,3.116630011426867e-08,1204.0,4.511718641173755,30.0
FeCrAl,6.0,553.707475391539,5.6740469419250304e-08,1204.0,4.511718641173755,30.0
FeCrAl,6.5,572.8012600188338,1.0004703759716836e-07,1204.0,4.511718641173755,30.0
FeCrAl,7.0,591.4778521722375,1.7118316359494918e-07,1204.0,4.511718641173755,30.0
FeCrAl,7.5,609.7458044312534,2.847710267195221e-07,1204.0,4.511718641173755,30.0
FeCrAl,8.0,627.6134966101538,4.614355947518289e-07,1204.0,4.511718641173755,30.0
FeCrAl,8.5,645.0891395540053,7.29572318923125e-07,1204.0,4.511718641173755,30.0
FeCrAl,9.0,662.1807789017215,1.1274111039853354e-06,1204.0,4.511718641173755,30.0
FeCrAl,9.5,678.8962988159808,1.7053723094191634e-06,1204.0,4.511718641173755,30.0
FeCrAl,10.0,695.2434256779943,2.5286994197150247e-06,1204.0,4.511718641173755,30.0
FeCrAl,10.5,711.2297317433475,3.6803420197601204e-06,1204.0,4.511718641173755,30.0
FeCrAl,11.0,726.8626387535313,5.264052361204676e-06,1204.0,4.511718641173755,30.0
FeCrAl,11.5,742.1494214964442,7.40764964319171e-06,1204.0,4.511718641173755,30.0
FeCrAl,12.0,757.0972113081178,1.0266398481144457e-05,1204.0,4.511718641173755,30.0
FeCrAl,12.5,771.7129995072229,1.4026442229947487e-05,1204.0,4.511718641173755,30.0
FeCrAl,13.0,786.0036407535863,1.8908227962635265e-05,1204.0,4.511718641173755,30.0
FeCrAl,13.5,799.9758563219565,2.516985806734343e-05,1204.0,4.511718641173755,30.0
FeCrAl,14.0,813.6362372825835,3.311030351336774e-05,1204.0,4.511718641173755,30.0
FeCrAl,14.5,826.9912475807926,4.307241575306825e-05,1204.0,4.511718641173755,30.0
FeCrAl,15.0,840.047227008574,5.544567774966221e-05,1204.0,4.511718641173755,30.0
FeCrAl,15.5,852.8103940622483,7.066863951963219e-05,1204.0,4.511718641173755,30.0
FeCrAl,16.0,865.2868486814336,8.923098959572368e-05,1204.0,4.511718641173755,30.0
FeCrAl,16.5,877.4825748657895,0.00011167522066086566,1204.0,4.511718641173755,30.0
FeCrAl,17.0,889.4034431673124,0.00013859785504695193,1204.0,4.511718641173755,30.0
FeCrAl,17.5,901.0552130572412,0.00017065020354587013,1204.0,4.511718641173755,30.0
FeCrAl,18.0,912.4435351678962,0.00020853863885076206,1204.0,4.511718641173755,30.0
FeCrAl,18.5,923.5739534109604,0.0002530243727114623,1204.0,4.511718641173755,30.0
FeCrAl,19.0,934.4519069748288,0.0003049227333998407,1204.0,4.511718641173755,30.0
FeCrAl,19.5,945.0827322046533,0.0003651019471961637,1204.0,4.511718641173755,30.0
FeCrAl,20.0,955.4716643696144,0.00043448143421740565,1204.0,4.511718641173755,30.0
FeCrAl,20.5,965.6238393227367,0.0005140296349466525,1204.0,4.511718641173755,30.0
FeCrAl,21.0,975.5442950592295,0.0006047613892349761,1204.0,4.511718641173755,30.0
FeCrAl,21.5,985.2379731798969,0.0007077348943007949,1204.0,4.511718641173755,30.0
FeCrAl,22.0,994.7097202665985,0.0008240482723394838,1204.0,4.511718641173755,30.0
FeCrAl,22.5,1003.9642891770953,0.0009548357817983394,1204.0,4.511718641173755,30.0
FeCrAl,23.0,1013.0063402668553,0.001101263709162387,1204.0,4.511718641173755,30.0
FeCrAl,23.5,1021.8404425455587,0.0012645259802795085,1204.0,4.511718641173755,30.0
FeCrAl,24.0,1030.4710747761167,0.0014458395318642544,1204.0,4.511718641173755,30.0
FeCrAl,24.5,1038.9026265240227,0.0016464394848783686,1204.0,4.511718641173755,30.0
FeCrAl,25.0,1047.1393991648008,0.0018675741620547996,1204.0,4.511718641173755,30.0
FeCrAl,25.5,1055.1856068571776,0.0021104999919185495,1204.0,4.511718641173755,30.0
FeCrAl,26.0,1063.0453774894388,0.0023764763413448037,1204.0,4.511718641173755,30.0
FeCrAl,26.5,1070.7227536061946,0.0026667603179686273,1204.0,4.511718641173755,30.0
FeCrAl,27.0,1078.2216933224954,0.0029826015826946175,1204.0,4.511718641173755,30.0
FeCrAl,27.5,1085.546071231917,0.003325237211167153,1204.0,4.511718641173755,30.0
FeCrAl,28.0,1092.699679314877,0.0036958866413685267,1204.0,4.511718641173755,30.0
FeCrAl,28.5,1099.6862278530166,0.004095746742588332,1204.0,4.511718641173755,30.0
FeCrAl,29.0,1106.5093463550638,0.004525987038810564,1204.0,4.511718641173755,30.0
FeCrAl,29.5,1113.1725844990922,0.004987745117194591,1204.0,4.511718641173755,30.0
FeCrAl,30.0,1119.6794130956048,0.005482122249754654,1204.0,4.511718641173755,30.0
FeCrAl,30.5,1126.0332250753097,0.006010179253625933,1204.0,4.511718641173755,30.0
FeCrAl,31.0,1132.2373365049204,0.006572932612457679,1204.0,4.511718641173755,30.0
FeCrAl,31.5,1138.2949876337127,0.0071713508785360165,1204.0,4.511718641173755,30.0
FeCrAl,32.0,1144.2093439729938,0.0078063513722124315,1204.0,4.511718641173755,30.0
FeCrAl,32.5,1149.9834974100288,0.00847879719216793,1204.0,4.511718641173755,30.0
FeCrAl,33.0,1155.6204673573764,0.009189494546970031,1204.0,4.511718641173755,30.0
FeCrAl,33.5,1161.1232019379895,0.009939190415331537,1204.0,4.511718641173755,30.0
FeCrAl,34.0,1166.494579205851,0.010728570539492206,1204.0,4.511718641173755,30.0
FeCrAl,34.5,1171.7374084013597,0.011558257753207108,1204.0,4.511718641173755,30.0
FeCrAl,35.0,1176.8544312401443,0.01242881064304702,1204.0,4.511718641173755,30.0
FeCrAl,35.5,1181.8483232334859,0.013340722539022326,1204.0,4.511718641173755,30.0
FeCrAl,36.0,1186.7216950380703,0.014294420828054124,1204.0,4.511718641173755,30.0
FeCrAl,36.5,1191.4770938323736,0.015290266581486318,1204.0,4.511718641173755,30.0
FeCrAl,37.0,1196.117004716635,0.016328554485730576,1204.0,4.511718641173755,30.0
FeCrAl,37.5,1200.6438521330442,0.017409513063240577,1204.0,4.511718641173755,30.0
FeCrAl,38.0,1205.0600013025369,0.01853330516936015,1204.0,4.511718641173755,30.0
FeCrAl,38.5,1209.3677596743908,0.019700028749179734,1204.0,4.511718641173755,30.0
FeCrAl,39.0,1213.5693783846805,0.020909717837373575,1204.0,4.511718641173755,30.0
FeCrAl,39.5,1217.667053719574,0.02216234378307049,1204.0,4.511718641173755,30.0
FeCrAl,40.0,1221.6629285794422,0.023457816681145775,1204.0,4.511718641173755,30.0
FeCrAl,40.5,1225.559093939773,0.024795986990872695,1204.0,4.511718641173755,30.0
FeCrAl,41.0,1229.357590304969,0.026176647322672664,1204.0,4.511718641173755,30.0
FeCrAl,41.5,1233.0604091512482,0.027599534373691025,1204.0,4.511718641173755,30.0
FeCrAl,42.0,1236.6694943550156,0.02906433099311196,1204.0,4.511718641173755,30.0
FeCrAl,42.5,1240.1867436032906,0.030570668358512344,1204.0,4.511718641173755,30.0
FeCrAl,43.0,1243.6140097830037,0.03211812824504616,1204.0,4.511718641173755,30.0
FeCrAl,43.5,1246.9531023462337,0.033706245369936126,1204.0,4.511718641173755,30.0
FeCrAl,44.0,1250.2057886487219,0.03533450979550248,1204.0,4.511718641173755,30.0
FeCrAl,44.5,1253.3737952592976,0.037002369374834185,1204.0,4.511718641173755,30.0
FeCrAl,45.0,1256.4588092381348,0.03870923222514368,1204.0,4.511718641173755,30.0
FeCrAl,45.5,1259.4624793820522,0.040454469214844545,1204.0,4.511718641173755,30.0
FeCrAl,46.0,1262.3864174353687,0.042237416451417056,1204.0,4.511718641173755,30.0
FeCrAl,46.5,1265.2321992651096,0.0440573777581867,1204.0,4.511718641173755,30.0
FeCrAl,47.0,1268.001365999624,0.045913627129195445,1204.0,4.511718641173755,30.0
FeCrAl,47.5,1270.6954251299646,0.0478054111523965,1204.0,4.511718641173755,30.0
FeCrAl,48.0,1273.3158515735972,0.04973195139243214,1204.0,4.511718641173755,30.0
FeCrAl,48.5,1275.8640887002648,0.05169244672526663,1204.0,4.511718641173755,30.0
FeCrAl,49.0,1278.3415493200343,0.05368607561789752,1204.0,4.511718641173755,30.0
FeCrAl,49.5,1280.7496166337526,0.055711998347306904,1204.0,4.511718641173755,30.0
FeCrAl,50.0,1283.0896451463052,0.0577693591536782,1204.0,4.511718641173755,30.0
FeCrAl,50.5,1285.3629615432492,0.05985728832372657,1204.0,4.511718641173755,30.0
FeCrAl,51.0,1287.5708655315036,0.061974904200763035,1204.0,4.511718641173755,30.0
FeCrAl,51.5,1289.7146306449185,0.06412131511882216,1204.0,4.511718641173755,30.0
FeCrAl,52.0,1291.7955050156322,0.06629562125883379,1204.0,4.511718641173755,30.0
FeCrAl,52.5,1293.8147121122183,0.06849691642542471,1204.0,4.511718641173755,30.0
FeCrAl,53.0,1295.7734514456881,0.07072428974347643,1204.0,4.511718641173755,30.0
FeCrAl,53.5,1297.6728992444646,0.07297682727405877,1204.0,4.511718641173755,30.0
FeCrAl,54.0,1299.5142090994873,0.07525361354979426,1204.0,4.511718641173755,30.0
FeCrAl,54.5,1301.2985125806283,0.0775537330301105,1204.0,4.511718641173755,30.0
FeCrAl,55.0,1303.0269198256233,0.07987627147716696,1204.0,4.511718641173755,30.0
FeCrAl,55.5,1304.7005201027168,0.08222031725356205,1204.0,4.511718641173755,30.0
FeCrAl,56.0,1306.320382348222,0.08458496254317406,1204.0,4.511718641173755,30.0
FeCrAl,56.5,1307.8875556801852,0.08696930449672773,1204.0,4.511718641173755,30.0
FeCrAl,57.0,1309.4030698893248,0.08937244630385544,1204.0,4.511718641173755,30.0
FeCrAl,57.5,1310.8679359083883,0.09179349819359103,1204.0,4.511718641173755,30.0
FeCrAl,58.0,1312.283146261046,0.0942315783653622,1204.0,4.511718641173755,30.0
FeCrAl,58.5,1313.6496754914094,0.09668581385265132,1204.0,4.511718641173755,30.0
FeCrAl,59.0,1314.9684805752179,0.09915534132157185,1204.0,4.511718641173755,30.0
FeCrAl,59.5,1316.2405013137084,0.10163930780667658,1204.0,4.511718641173755,30.0
FeCrAl,60.0,1317.4666607111403,0.10413687138634924,1204.0,4.511718641173755,30.0
FeCrAl,60.5,1318.6478653369002,0.10664720180015377,1204.0,4.511718641173755,30.0
FeCrAl,61.0,1319.785005673085,0.10916948101053113,1204.0,4.511718641173755,30.0
FeCrAl,61.5,1320.8789564483984,0.11170290371122786,1204.0,4.511718641173755,30.0
FeCrAl,62.0,1321.930576959177,0.11424667778482674,1204.0,4.511718641173755,30.0
FeCrAl,62.5,1322.940711378298,0.11680002471172367,1204.0,4.511718641173755,30.0
FeCrAl,63.0,1323.910189052703,0.1193621799328669,1204.0,4.511718641173755,30.0
FeCrAl,63.5,1324.8398247902078,0.12193239316852982,1204.0,4.511718641173755,30.0
FeCrAl,64.0,1325.7304191362539,0.12450992869535034,1204.0,4.511718641173755,30.0
FeCrAl,64.5,1326.5827586412006,0.1270940655838081,1204.0,4.511718641173755,30.0
FeCrAl,65.0,1327.3976161187263,0.12968409789826688,1204.0,4.511718641173755,30.0
FeCrAl,65.5,1328.1757508958806,0.13227933486164492,1204.0,4.511718641173755,30.0
FeCrAl,66.0,1328.9179090552827,0.13487910098671405,1204.0,4.511718641173755,30.0
FeCrAl,66.5,1329.6248236699385,0.13748273617597254,1204.0,4.511718641173755,30.0
FeCrAl,67.0,1330.297215031113,0.14008959579196506,1204.0,4.511718641173755,30.0
FeCrAl,67.5,1330.9357908696738,0.14269905069985622,1204.0,4.511718641173755,30.0
FeCrAl,68.0,1331.5412465712784,0.1453104872840108,1204.0,4.511718641173755,30.0
FeCrAl,68.5,1332.1142653857735,0.14792330744025198,1204.0,4.511718641173755,30.0
FeCrAl,69.0,1332.6555186311305,0.15053692854541015,1204.0,4.511718641173755,30.0
FeCrAl,69.5,1333.1656658922295,0.15315078340571492,1204.0,4.511718641173755,30.0
FeCrAl,70.0,1333.6453552147823,0.155764320185506,1204.0,4.511718641173755,30.0
FeCrAl,70.5,1334.095223294653,0.15837700231768645,1204.0,4.511718641173755,30.0
FeCrAl,71.0,1334.5158956628372,0.16098830839726994,1204.0,4.511718641173755,30.0
FeCrAl,71.5,1334.9079868663173,0.1635977320593201,1204.0,4.511718641173755,30.0
FeCrAl,72.0,1335.2721006450156,0.16620478184251217,1204.0,4.511718641173755,30.0
FeCrAl,72.5,1335.6088301050434,0.1688089810394958,1204.0,4.511718641173755,30.0
FeCrAl,73.0,1335.9187578884223,0.1714098675351755,1204.0,4.511718641173755,30.0
FeCrAl,73.5,1336.2024563394584,0.17400699363397223,1204.0,4.511718641173755,30.0
FeCrAl,74.0,1336.4604876679173,0.1765999258770754,1204.0,4.511718641173755,30.0
FeCrAl,74.5,1336.6934041091488,0.17918824485064025,1204.0,4.511718641173755,30.0
FeCrAl,75.0,1336.9017480813002,0.18177154498584197,1204.0,4.511718641173755,30.0
FeCrAl,75.5,1337.0860523397362,0.18434943435163828,1204.0,4.511718641173755,30.0
FeCrAl,76.0,1337.2468401287852,0.18692153444105566,1204.0,4.511718641173755,30.0
FeCrAl,76.5,1337.3846253309162,0.18948747995176332,1204.0,4.511718641173755,30.0
FeCrAl,77.0,1337.499912613447,0.19204691856165937,1204.0,4.511718641173755,30.0
FeCrAl,77.5,1337.5931975728743,0.19459951070014506,1204.0,4.511718641173755,30.0
FeCrAl,78.0,1337.6649668769066,0.19714492931573058,1204.0,4.511718641173755,30.0
FeCrAl,78.5,1337.7156984042826,0.19968285964057525,1204.0,4.511718641173755,30.0
FeCrAl,79.0,1337.7458613824476,0.20221299895252515,1204.0,4.511718641173755,30.0
FeCrAl,79.5,1337.755916523149,0.20473505633517503,1204.0,4.511718641173755,30.0
FeCrAl,80.0,1337.7463161560172,0.20724875243645766,1204.0,4.511718641173755,30.0
FeCrAl,80.5,1337.7175043601915,0.20975381922621814,1204.0,4.511718641173755,30.0
FeCrAl,81.0,1337.669917094035,0.21224999975320577,1204.0,4.511718641173755,30.0
FeCrAl,81.5,1337.6039823229996,0.21473704790189363,1204.0,4.511718641173755,30.0
FeCrAl,82.0,1337.520120145676,0.2172147281494929,1204.0,4.511718641173755,30.0
FeCrAl,82.5,1337.4187429180774,0.21968281532351716,1204.0,4.511718641173755,30.0
FeCrAl,83.0,1337.3002553761976,0.22214109436021698,1204.0,4.511718641173755,30.0
FeCrAl,83.5,1337.1650547568731,0.22458936006418367,1204.0,4.511718641173755,30.0
FeCrAl,84.0,1337.0135309169912,0.227027416869403,1204.0,4.511718641173755,30.0
FeCrAl,84.5,1336.8460664510708,0.22945507860200967,1204.0,4.511718641173755,30.0
FeCrAl,85.0,1336.663036807246,0.23187216824497733,1204.0,4.511718641173755,30.0
FeCrAl,85.5,1336.4648104016908,0.23427851770496064,1204.0,4.511718641173755,30.0
FeCrAl,86.0,1336.251748731489,0.23667396758148473,1204.0,4.511718641173755,30.0
FeCrAl,86.5,1336.0242064859997,0.23905836693866025,1204.0,4.511718641173755,30.0
FeCrAl,87.0,1335.7825316567232,0.24143157307958737,1204.0,4.511718641173755,30.0
FeCrAl,87.5,1335.5270656456955,0.24379345132359379,1204.0,4.511718641173755,30.0
FeCrAl,88.0,1335.2581433724358,0.24614387478644323,1204.0,4.511718641173755,30.0
FeCrAl,88.5,1334.976093379459,0.2484827241636235,1204.0,4.511718641173755,30.0
FeCrAl,89.0,1334.6812379363782,0.25080988751682937,1204.0,4.511718641173755,30.0
FeCrAl,89.5,1334.373893142613,0.25312526006372826,1204.0,4.511718641173755,30.0
FeCrAl,90.0,1334.0543690287197,0.2554287439710853,1204.0,4.511718641173755,30.0
Layered Zr/Mo/FeCrAl,0.0,288.81600710316235,2.9166913049494926e-13,1204.0,4.511718641173755,30.0
Layered Zr/Mo/FeCrAl,0.5,315.75238177700777,7.588878761010739e-12,1204.0,4.511718641173755,30.0
Layered Zr/Mo/FeCrAl,1.0,342.1270422443641,2.5996603701764475e-11,1204.0,4.511718641173755,30.0
Layered Zr/Mo/FeCrAl,1.5,367.9511155030212,7.297359655729464e-11,1204.0,4.511718641173755,30.0
Layered Zr/Mo/FeCrAl,2.0,393.23550915310966,1.910856479297852e-10,1204.0,4.511718641173755,30.0
Layered Zr/Mo/FeCrAl,2.5,417.99091578306917,4.786398047273713e-10,1204.0,4.511718641173755,30.0
Layered Zr/Mo/FeCrAl,3.0,442.22781726869437,1.1500903461906557e-09,1204.0,4.511718641173755,30.0
Layered Zr/Mo/FeCrAl,3.5,465.9564889905345,2.647500150492651e-09,1204.0,4.511718641173755,30.0
Layered Zr/Mo/FeCrAl,4.0,489.18700397648945,5.833896140338483e-09,1204.0,4.511718641173755,30.0
Layered Zr/Mo/FeCrAl,4.5,511.9292369782451,1.2310171799508053e-08,1204.0,4.511718641173755,30.0
Layered Zr/Mo/FeCrAl,5.0,534.192868492027,2.4908229713838165e-08,1204.0,4.511718641173755,30.0
Layered Zr/Mo/FeCrAl,5.5,555.9873887357602,4.842301232749259e-08,1204.0,4.511718641173755,30.0
Layered Zr/Mo/FeCrAl,6.0,577.3221015958414,9.065349726438118e-08,1204.0,4.511718641173755,30.0
Layered Zr/Mo/FeCrAl,6.5,598.2061285570912,1.6382639366854357e-07,1204.0,4.511718641173755,30.0
Layered Zr/Mo/FeCrAl,7.0,618.6484126289384,2.864751884686145e-07,1204.0,4.511718641173755,30.0
Layered Zr/Mo/FeCrAl,7.5,638.6577222793705,4.858408871102832e-07,1204.0,4.511718641173755,30.0
Layered Zr/Mo/FeCrAl,8.0,658.2426553857426,8.008492463376957e-07,1204.0,4.511718641173755,30.0
Layered Zr/Mo/FeCrAl,8.5,677.4116432082825,1.2857030451611933e-06,1204.0,4.511718641173755,30.0
Layered Zr/Mo/FeCrAl,9.0,696.1729543882717,2.0141078621487185e-06,1204.0,4.511718641173755,30.0
Layered Zr/Mo/FeCrAl,9.5,714.5346989686822,3.084127120350864e-06,1204.0,4.511718641173755,30.0
Layered Zr/Mo/FeCrAl,10.0,732.5048324307617,4.623638167109103e-06,1204.0,4.511718641173755,30.0
Layered Zr/Mo/FeCrAl,10.5,750.0911597359703,6.796337217831161e-06,1204.0,4.511718641173755,30.0
Layered Zr/Mo/FeCrAl,11.0,767.3013393589767,9.808218388007278e-06,1204.0,4.511718641173755,30.0
Layered Zr/Mo/FeCrAl,11.5,784.1428872943383,1.3914431833317583e-05,1204.0,4.511718641173755,30.0
Layered Zr/Mo/FeCrAl,12.0,800.6231810171043,1.9426409054723782e-05,1204.0,4.511718641173755,30.0
Layered Zr/Mo/FeCrAl,12.5,816.749463376004,2.6719130304082353e-05,1204.0,4.511718641173755,30.0
Layered Zr/Mo/FeCrAl,13.0,832.5288463970909,3.6238400041384656e-05,1204.0,4.511718641173755,30.0
Layered Zr/Mo/FeCrAl,13.5,847.9683149757138,4.850799164333026e-05,1204.0,4.511718641173755,30.0
Layered Zr/Mo/FeCrAl,14.0,863.0747304353847,6.413652189612402e-05,1204.0,4.511718641173755,30.0
Layered Zr/Mo/FeCrAl,14.5,877.8548339334302,8.382391894398987e-05,1204.0,4.511718641173755,30.0
Layered Zr/Mo/FeCrAl,15.0,892.3152496951558,0.00010836735385340997,1204.0,4.511718641173755,30.0
Layered Zr/Mo/FeCrAl,15.5,906.4624880604698,0.0001386665153300754,1204.0,4.511718641173755,30.0
Layered Zr/Mo/FeCrAl,16.0,920.3029483294339,0.00017572811881120019,1204.0,4.511718641173755,30.0
Layered Zr/Mo/FeCrAl,16.5,933.8429213959062,0.0002206695546261697,1204.0,4.511718641173755,30.0
Layered Zr/Mo/FeCrAl,17.0,947.0885921612243,0.0002747215946596539,1204.0,4.511718641173755,30.0
Layered Zr/Mo/FeCrAl,17.5,960.0460417226717,0.0003392300924375045,1204.0,4.511718641173755,30.0
Layered Zr/Mo/FeCrAl,18.0,972.7212493342248,0.0004156566274306533,1204.0,4.511718641173755,30.0
Layered Zr/Mo/FeCrAl,18.5,985.1200941397186,0.000505578060219927,1204.0,4.511718641173755,30.0
Layered Zr/Mo/FeCrAl,19.0,997.2483566811026,0.0006106849807245571,1204.0,4.511718641173755,30.0
Layered Zr/Mo/FeCrAl,19.5,1009.1117201868329,0.0007327790467365419,1204.0,4.511718641173755,30.0
Layered Zr/Mo/FeCrAl,20.0,1020.7157716476718,0.0008737692243481229,1204.0,4.511718641173755,30.0
Layered Zr/Mo/FeCrAl,20.5,1032.0660026892424,0.0010356669553974677,1204.0,4.511718641173755,30.0
Layered Zr/Mo/FeCrAl,21.0,1043.1678102526103,0.0012205802897193474,1204.0,4.511718641173755,30.0
Layered Zr/Mo/FeCrAl,21.5,1054.026497095949,0.0014307070317216121,1204.0,4.511718641173755,30.0
Layered Zr/Mo/FeCrAl,22.0,1064.6472721319951,0.0016683269615906198,1204.0,4.511718641173755,30.0
Layered Zr/Mo/FeCrAl,22.5,1075.0352506175245,0.0019357932012674382,1204.0,4.511718641173755,30.0
Layered Zr/Mo/FeCrAl,23.0,1085.195454212474,0.0022355228041975998,1204.0,4.511718641173755,30.0
Layered Zr/Mo/FeCrAl,23.5,1095.1328109275883,0.0025699866557564277,1204.0,4.511718641173755,30.0
Layered Zr/Mo/FeCrAl,24.0,1104.8521549805916,0.002941698778152737,1204.0,4.511718641173755,30.0
Layered Zr/Mo/FeCrAl,24.5,1114.358226581838,0.0033532051394920474,1204.0,4.511718641173755,30.0
Layered Zr/Mo/FeCrAl,25.0,1123.655671671152,0.0038070720714960373,1204.0,4.511718641173755,30.0
Layered Zr/Mo/FeCrAl,25.5,1132.749041628141,0.004305874404053899,1204.0,4.511718641173755,30.0
Layered Zr/Mo/FeCrAl,26.0,1141.6427929785666,0.004852183427288964,1204.0,4.511718641173755,30.0
Layered Zr/Mo/FeCrAl,26.5,1150.341287119406,0.005448554793062383,1204.0,4.511718641173755,30.0
Layered Zr/Mo/FeCrAl,27.0,1158.8487900849664,0.0060975164677445045,1204.0,4.511718641173755,30.0
Layered Zr/Mo/FeCrAl,27.5,1167.1694723758349,0.006801556846631347,1204.0,4.511718641173755,30.0
Layered Zr/Mo/FeCrAl,28.0,1175.3074088715002,0.007563113137490285,1204.0,4.511718641173755,30.0
Layered Zr/Mo/FeCrAl,28.5,1183.2665788461916,0.008384560116400283,1204.0,4.511718641173755,30.0
Layered Zr/Mo/FeCrAl,29.0,1191.0508661058302,0.009268199353312901,1204.0,4.511718641173755,30.0
Layered Zr/Mo/FeCrAl,29.5,1198.6640592620033,0.010216248997654644,1204.0,4.511718641173755,30.0
Layered Zr/Mo/FeCrAl,30.0,1206.1098521565525,0.011230834205920212,1204.0,4.511718641173755,30.0
Layered Zr/Mo/FeCrAl,30.5,1213.391844447812,0.012313978283683238,1204.0,4.511718641173755,30.0
Layered Zr/Mo/FeCrAl,31.0,1220.513542366707,0.013467594603979768,1204.0,4.511718641173755,30.0
Layered Zr/Mo/FeCrAl,31.5,1227.4783596479863,0.014693479352781876,1204.0,4.511718641173755,30.0
Layered Zr/Mo/FeCrAl,32.0,1234.2896186388025,0.015993305140515158,1204.0,4.511718641173755,30.0
Layered Zr/Mo/FeCrAl,32.5,1240.9505515838157,0.017368615506554184,1204.0,4.511718641173755,30.0
Layered Zr/Mo/FeCrAl,33.0,1247.4643020829888,0.01882082033158763,1204.0,4.511718641173755,30.0
Layered Zr/Mo/FeCrAl,33.5,1253.8339267154154,0.020351192160985968,1204.0,4.511718641173755,30.0
Layered Zr/Mo/FeCrAl,34.0,1260.0623968198868,0.02196086343101846,1204.0,4.511718641173755,30.0
Layered Zr/Mo/FeCrAl,34.5,1266.1526004205518,0.023650824579255228,1204.0,4.511718641173755,30.0
Layered Zr/Mo/FeCrAl,35.0,1272.1073442840052,0.025421923010874224,1204.0,4.511718641173755,30.0
Layered Zr/Mo/FeCrAl,35.5,1277.929356092482,0.027274862884093014,1204.0,4.511718641173755,30.0
Layered Zr/Mo/FeCrAl,36.0,1283.621286716582,0.02921020567064471,1204.0,4.511718641173755,30.0
Layered Zr/Mo/FeCrAl,36.5,1289.1857125700706,0.03122837144119567,1204.0,4.511718641173755,30.0
Layered Zr/Mo/FeCrAl,37.0,1294.6251380288763,0.03332964082090456,1204.0,4.511718641173755,30.0
Layered Zr/Mo/FeCrAl,37.5,1299.9419978962924,0.035514157556908815,1204.0,4.511718641173755,30.0
Layered Zr/Mo/FeCrAl,38.0,1305.1386598966985,0.03778193163737587,1204.0,4.511718641173755,30.0
Layered Zr/Mo/FeCrAl,38.5,1310.217427180704,0.040132842900778676,1204.0,4.511718641173755,30.0
Layered Zr/Mo/FeCrAl,39.0,1315.1805408254938,0.04256664507413061,1204.0,4.511718641173755,30.0
Layered Zr/Mo/FeCrAl,39.5,1320.0301823152683,0.04508297017995636,1204.0,4.511718641173755,30.0
Layered Zr/Mo/FeCrAl,40.0,1324.7684759879428,0.04768133325360167,1204.0,4.511718641173755,30.0
Layered Zr/Mo/FeCrAl,40.5,1329.3974914356947,0.05036113731499883,1204.0,4.511718641173755,30.0
Layered Zr/Mo/FeCrAl,41.0,1333.919245848451,0.05312167854204157,1204.0,4.511718641173755,30.0
Layered Zr/Mo/FeCrAl,41.5,1338.3357062909215,0.055962151596148486,1204.0,4.511718641173755,30.0
Layered Zr/Mo/FeCrAl,42.0,1342.6487919053495,0.05888165505430838,1204.0,4.511718641173755,30.0
Layered Zr/Mo/FeCrAl,42.5,1346.8603760336314,0.06187919690576173,1204.0,4.511718641173755,30.0
Layered Zr/Mo/FeCrAl,43.0,1350.9722882538974,0.06495370007539474,1204.0,4.511718641173755,30.0
Layered Zr/Mo/FeCrAl,43.5,1354.9863163280072,0.0681040079398334,1204.0,4.511718641173755,30.0
Layered Zr/Mo/FeCrAl,44.0,1358.9042080576494,0.07132888980603212,1204.0,4.511718641173755,30.0
Layered Zr/Mo/FeCrAl,44.5,1362.7276730478761,0.07462704632581244,1204.0,4.511718641173755,30.0
Layered Zr/Mo/FeCrAl,45.0,1366.4583843779174,0.07799711482330099,1204.0,4.511718641173755,30.0
Layered Zr/Mo/FeCrAl,45.5,1370.0979801799963,0.08143767451545778,1204.0,4.511718641173755,30.0
Layered Zr/Mo/FeCrAl,46.0,1373.6480651276456,0.08494725160892343,1204.0,4.511718641173755,30.0
Layered Zr/Mo/FeCrAl,46.5,1377.1102118356594,0.08852432425919532,1204.0,4.511718641173755,30.0
Layered Zr/Mo/FeCrAl,47.0,1380.485962174344,0.09216732738066587,1204.0,4.511718641173755,30.0
Layered Zr/Mo/FeCrAl,47.5,1383.7768285011693,0.09587465729835355,1204.0,4.511718641173755,30.0
Layered Zr/Mo/FeCrAl,48.0,1386.9842948132339,0.09964467623420478,1204.0,4.511718641173755,30.0
Layered Zr/Mo/FeCrAl,48.5,1390.1098178241975,0.10347571662267374,1204.0,4.511718641173755,30.0
Layered Zr/Mo/FeCrAl,49.0,1393.1548279695116,0.10736608525190597,1204.0,4.511718641173755,30.0
Layered Zr/Mo/FeCrAl,49.5,1396.1207303438478,0.1113140672282684,1204.0,4.511718641173755,30.0
Layered Zr/Mo/FeCrAl,50.0,1399.0089055746769,0.11531792976321269,1204.0,4.511718641173755,30.0
Layered Zr/Mo/FeCrAl,50.5,1401.8207106359257,0.1193759257825382,1204.0,4.511718641173755,30.0
Layered Zr/Mo/FeCrAl,51.0,1404.5574796055769,0.12348629735904575,1204.0,4.511718641173755,30.0
Layered Zr/Mo/FeCrAl,51.5,1407.220524370999,0.1276472789703647,1204.0,4.511718641173755,30.0
Layered Zr/Mo/FeCrAl,52.0,1409.8111352856565,0.13185710058442812,1204.0,4.511718641173755,30.0
Layered Zr/Mo/FeCrAl,52.5,1412.3305817807307,0.13611399057562154,1204.0,4.511718641173755,30.0
Layered Zr/Mo/FeCrAl,53.0,1414.7801129350041,0.1404161784751146,1204.0,4.511718641173755,30.0
Layered Zr/Mo/FeCrAl,53.5,1417.1609580062143,0.14476189755928684,1204.0,4.511718641173755,30.0
Layered Zr/Mo/FeCrAl,54.0,1419.4743269268984,0.14914938728045693,1204.0,4.511718641173755,30.0
Layered Zr/Mo/FeCrAl,54.5,1421.7214107675818,0.153576895544406,1204.0,4.511718641173755,30.0
Layered Zr/Mo/FeCrAl,55.0,1423.9033821699804,0.15804268083935794,1204.0,4.511718641173755,30.0
Layered Zr/Mo/FeCrAl,55.5,1426.021395752715,0.1625450142212558,1204.0,4.511718641173755,30.0
Layered Zr/Mo/FeCrAl,56.0,1428.0765884918678,0.16708218116025686,1204.0,4.511718641173755,30.0
Layered Zr/Mo/FeCrAl,56.5,1430.0700800785405,0.17165248325345853,1204.0,4.511718641173755,30.0
Layered Zr/Mo/FeCrAl,57.0,1432.0029732554167,0.17625423980888652,1204.0,4.511718641173755,30.0
Layered Zr/Mo/FeCrAl,57.5,1433.876354134176,0.18088578930580276,1204.0,4.511718641173755,30.0
Layered Zr/Mo/FeCrAl,58.0,1435.6912924954656,0.1855454907363629,1204.0,4.511718641173755,30.0
Layered Zr/Mo/FeCrAl,58.5,1437.4488420730013,0.1902317248336219,1204.0,4.511718641173755,30.0
Layered Zr/Mo/FeCrAl,59.0,1439.150040823225,0.19494289519083619,1204.0,4.511718641173755,30.0
Layered Zr/Mo/FeCrAl,59.5,1440.795911181847,0.19967742927693155,1204.0,4.511718641173755,30.0
Layered Zr/Mo/FeCrAl,60.0,1442.387460308474,0.2044337793529341,1204.0,4.511718641173755,30.0
Layered Zr/Mo/FeCrAl,60.5,1443.925680320418,0.2092104232940617,1204.0,4.511718641173755,30.0
Layered Zr/Mo/FeCrAl,61.0,1445.4115485166965,0.21400586532207302,1204.0,4.511718641173755,30.0
Layered Zr/Mo/FeCrAl,61.5,1446.8460275931245,0.21881863665236043,1204.0,4.511718641173755,30.0
Layered Zr/Mo/FeCrAl,62.0,1448.2300658493411,0.22364729606015538,1204.0,4.511718641173755,30.0
Layered Zr/Mo/FeCrAl,62.5,1449.5645973885075,0.22849043037009584,1204.0,4.511718641173755,30.0
Layered Zr/Mo/FeCrAl,63.0,1450.8505423103702,0.23334665487328024,1204.0,4.511718641173755,30.0
Layered Zr/Mo/FeCrAl,63.5,1452.0888068982952,0.23821461367579977,1204.0,4.511718641173755,30.0
Layered Zr/Mo/FeCrAl,64.0,1453.2606897451606,0.24441401791846704,1204.0,4.511718641173755,30.0
Layered Zr/Mo/FeCrAl,64.5,1454.2997637416604,0.2557159309930181,1204.0,4.511718641173755,30.0
Layered Zr/Mo/FeCrAl,65.0,1455.2813473584126,0.26673600220792026,1204.0,4.511718641173755,30.0
Layered Zr/Mo/FeCrAl,65.5,1456.2083437083606,0.2775056542411793,1204.0,4.511718641173755,30.0
Layered Zr/Mo/FeCrAl,66.0,1457.083294372323,0.28805054519685735,1204.0,4.511718641173755,30.0
Layered Zr/Mo/FeCrAl,66.5,1457.9084570178252,0.29839190734144755,1204.0,4.511718641173755,30.0
Layered Zr/Mo/FeCrAl,67.0,1458.6858618681017,0.30854751354505616,1204.0,4.511718641173755,30.0
Layered Zr/Mo/FeCrAl,67.5,1459.4173537166942,0.3185323905074236,1204.0,4.511718641173755,30.0
Layered Zr/Mo/FeCrAl,68.0,1460.1046238076594,0.32835935530955684,1204.0,4.511718641173755,30.0
Layered Zr/Mo/FeCrAl,68.5,1460.749234449578,0.3380394259155577,1204.0,4.511718641173755,30.0
Layered Zr/Mo/FeCrAl,69.0,1461.3526383159797,0.3475821399574757,1204.0,4.511718641173755,30.0
Layered Zr/Mo/FeCrAl,69.5,1461.916193791289,0.35699580560848737,1204.0,4.511718641173755,30.0
Layered Zr/Mo/FeCrAl,70.0,1462.4411773271236,0.3662877013789623,1204.0,4.511718641173755,30.0
Layered Zr/Mo/FeCrAl,70.5,1462.9287935061213,0.375464236952751,1204.0,4.511718641173755,30.0
Layered Zr/Mo/FeCrAl,71.0,1463.3801833251655,0.38453108392575686,1204.0,4.511718641173755,30.0
Layered Zr/Mo/FeCrAl,71.5,1463.7964310793054,0.3934932830224646,1204.0,4.511718641173755,30.0
Layered Zr/Mo/FeCrAl,72.0,1464.178570134175,0.4023553327342137,1204.0,4.511718641173755,30.0
Layered Zr/Mo/FeCrAl,72.5,1464.527587806774,0.4111212631411541,1204.0,4.511718641173755,30.0
Layered Zr/Mo/FeCrAl,73.0,1464.8444295244567,0.4197946978123282,1204.0,4.511718641173755,30.0
Layered Zr/Mo/FeCrAl,73.5,1465.1300023946685,0.4283789060336849,1204.0,4.511718641173755,30.0
Layered Zr/Mo/FeCrAl,74.0,1465.3851782898578,0.43687684712933134,1204.0,4.511718641173755,30.0
Layered Zr/Mo/FeCrAl,74.5,1465.610796530541,0.445291208273327,1204.0,4.511718641173755,30.0
Layered Zr/Mo/FeCrAl,75.0,1465.8076662330363,0.4536244369070697,1204.0,4.511718641173755,30.0
Layered Zr/Mo/FeCrAl,75.5,1465.9765683755368,0.46187876865886035,1204.0,4.511718641173755,30.0
Layered Zr/Mo/FeCrAl,76.0,1466.1182576261992,0.47005625149169705,1204.0,4.511718641173755,30.0
Layered Zr/Mo/FeCrAl,76.5,1466.2334639689816,0.4781587666711734,1204.0,4.511718641173755,30.0
Layered Zr/Mo/FeCrAl,77.0,1466.3228941566783,0.48618804703898355,1204.0,4.511718641173755,30.0
Layered Zr/Mo/FeCrAl,77.5,1466.387233015552,0.49414569299264416,1204.0,4.511718641173755,30.0
Layered Zr/Mo/FeCrAl,78.0,1466.4271446218927,0.5020331865037992,1204.0,4.511718641173755,30.0
Layered Zr/Mo/FeCrAl,78.5,1466.4432733675483,0.5098519034523255,1204.0,4.511718641173755,30.0
Layered Zr/Mo/FeCrAl,79.0,1466.4362449287548,0.5176031245085757,1204.0,4.511718641173755,30.0
Layered Zr/Mo/FeCrAl,79.5,1466.406667150416,0.5252880447594175,1204.0,4.511718641173755,30.0
Layered Zr/Mo/FeCrAl,80.0,1466.3551308561312,0.5329077822435385,1204.0,4.511718641173755,30.0
Layered Zr/Mo/FeCrAl,80.5,1466.2822105927753,0.5404633855365866,1204.0,4.511718641173755,30.0
Layered Zr/Mo/FeCrAl,81.0,1466.1884653171755,0.5479558405059894,1204.0,4.511718641173755,30.0
Layered Zr/Mo/FeCrAl,81.5,1466.07443903137,0.5553860763380598,1204.0,4.511718641173755,30.0
Layered Zr/Mo/FeCrAl,82.0,1465.9406613720514,0.5627549709255276,1204.0,4.511718641173755,30.0
Layered Zr/Mo/FeCrAl,82.5,1465.7876481590533,0.5700633556914773,1204.0,4.511718641173755,30.0
Layered Zr/Mo/FeCrAl,83.0,1465.6159019071017,0.5773120199154105,1204.0,4.511718641173755,30.0
Layered Zr/Mo/FeCrAl,83.5,1465.425912304519,0.5845017146184458,1204.0,4.511718641173755,30.0
Layered Zr/Mo/FeCrAl,84.0,1465.2181566621036,0.5916331560572736,1204.0,4.511718641173755,30.0
Layered Zr/Mo/FeCrAl,84.5,1464.993100335018,0.5987070288701525,1204.0,4.511718641173755,30.0
Layered Zr/Mo/FeCrAl,85.0,1464.7511971201784,0.6057239889128471,1204.0,4.511718641173755,30.0
Layered Zr/Mo/FeCrAl,85.5,1464.4928896313568,0.6126846658177354,1204.0,4.511718641173755,30.0
Layered Zr/Mo/FeCrAl,86.0,1464.2186096539333,0.6195896653053258,1204.0,4.511718641173755,30.0
Layered Zr/Mo/FeCrAl,86.5,1463.9287784810444,0.6264395712739569,1204.0,4.511718641173755,30.0
Layered Zr/Mo/FeCrAl,87.0,1463.6238072326546,0.6332349476904537,1204.0,4.511718641173755,30.0
Layered Zr/Mo/FeCrAl,87.5,1463.3040971589462,0.6399763403019118,1204.0,4.511718641173755,30.0
Layered Zr/Mo/FeCrAl,88.0,1462.9700399292408,0.6466642781864994,1204.0,4.511718641173755,30.0
Layered Zr/Mo/FeCrAl,88.5,1462.622017907571,0.6532992751592085,1204.0,4.511718641173755,30.0
Layered Zr/Mo/FeCrAl,89.0,1462.2604044158838,0.6598818310467086,1204.0,4.511718641173755,30.0
Layered Zr/Mo/FeCrAl,89.5,1461.8855639857795,0.6664124328439832,1204.0,4.511718641173755,30.0
Layered Zr/Mo/FeCrAl,90.0,1461.4978525995866,0.6728915557640409,1204.0,4.511718641173755,30.0
