design,input,cost_low,cost_high,coping_low,coping_high,cost_swing,coping_swing,base_cost_usd_MWh_e,base_coping_min
Zircaloy-2,Pellet diameter,0.03825403359450519,-0.030894149726956144,-6.066666666666666,7.933333333333337,0.06914818332146133,14.000000000000004,12.347241146598137,25.766666666666666
Zircaloy-2,Zircaloy-2 layer thickness,-0.03344479898577646,0.033770094996876665,-0.5333333333333314,0.5666666666666664,0.06721489398265312,1.0999999999999979,12.347241146598137,25.766666666666666
Zircaloy-2,Discharge burnup,0.38532009181510674,-0.3121670309069575,0.0,0.0,0.6974871227220643,0.0,12.347241146598137,25.766666666666666
Zircaloy-2,Uranium price,-0.5195853674055257,0.519585367405524,0.0,0.0,1.0391707348110497,0.0,12.347241146598137,25.766666666666666
Zircaloy-2,Enrichment (SWU) price,-0.276340856562836,0.27634085656283425,0.0,0.0,0.5526817131256703,0.0,12.347241146598137,25.766666666666666
Zircaloy-2,Fabrication cost,-0.08301932367149867,0.08301932367149689,0.0,0.0,0.16603864734299556,0.0,12.347241146598137,25.766666666666666
Zircaloy-2,Steam cooling coefficient,0.0,0.0,-1.8000000000000007,2.3000000000000007,0.0,4.100000000000001,12.347241146598137,25.766666666666666
Zircaloy-2,Decay heat level,0.0,0.0,5.566666666666666,-3.7666666666666657,0.0,9.333333333333332,12.347241146598137,25.766666666666666
Zircaloy-2,Outer-layer oxidation rate,0.0,0.0,0.3333333333333357,-0.3000000000000007,0.0,0.6333333333333364,12.347241146598137,25.766666666666666
Cr-coated Zr,Pellet diameter,0.044696060527670056,-0.03607755529472989,-7.566666666666666,10.700000000000003,0.08077361582239995,18.26666666666667,12.399942430951093,29.866666666666667
Cr-coated Zr,Zircaloy-2 layer thickness,-0.027172275070954655,0.027379982025619753,-0.5666666666666664,0.5999999999999979,0.05455225709657441,1.1666666666666643,12.399942430951093,29.866666666666667
Cr-coated Zr,Chromium layer thickness,-0.011973916116977179,0.011977796508404026,0.0,0.03333333333333144,0.023951712625381205,0.03333333333333144,12.399942430951093,29.866666666666667
Cr-coated Zr,Discharge burnup,0.39089759473418084,-0.3167641746639145,0.0,0.0,0.7076617693980953,0.0,12.399942430951093,29.866666666666667
Cr-coated Zr,Uranium price,-0.5227496455766314,0.5227496455766314,0.0,0.0,1.0454992911532628,0.0,12.399942430951093,29.866666666666667
Cr-coated Zr,Enrichment (SWU) price,-0.2785491924471888,0.27854919244719234,0.0,0.0,0.5570983848943811,0.0,12.399942430951093,29.866666666666667
Cr-coated Zr,Fabrication cost,-0.08301932367149689,0.08301932367149689,0.0,0.0,0.16603864734299378,0.0,12.399942430951093,29.866666666666667
Cr-coated Zr,Steam cooling coefficient,0.0,0.0,-2.533333333333335,3.5333333333333314,0.0,6.066666666666666,12.399942430951093,29.866666666666667
Cr-coated Zr,Decay heat level,0.0,0.0,8.266666666666666,-4.966666666666669,0.0,13.233333333333334,12.399942430951093,29.866666666666667
Cr-coated Zr,Outer-layer oxidation rate,0.0,0.0,0.09999999999999787,-0.06666666666666643,0.0,0.1666666666666643,12.399942430951093,29.866666666666667
FeCrAl,Pellet diameter,0.18974792689588504,-0.15364260666462748,-10.966666666666665,21.03333333333333,0.3433905335605125,31.999999999999996,13.638088191448114,37.9
FeCrAl,FeCrAl layer thickness,-0.16631938446539074,0.16748536632583821,-1.0666666666666629,1.1000000000000014,0.33380475079122895,2.1666666666666643,13.638088191448114,37.9
FeCrAl,Discharge burnup,0.5233528580011306,-0.42572352122759227,0.0,0.0,0.9490763792287229,0.0,13.638088191448114,37.9
FeCrAl,Uranium price,-0.5881551507511205,0.588155150751124,0.0,0.0,1.1763103015022445,0.0,13.638088191448114,37.9
FeCrAl,Enrichment (SWU) price,-0.3245224696104536,0.32452246961045716,0.0,0.0,0.6490449392209108,0.0,13.638088191448114,37.9
FeCrAl,Fabrication cost,-0.08301932367149689,0.08301932367149867,0.0,0.0,0.16603864734299556,0.0,13.638088191448114,37.9
FeCrAl,Steam cooling coefficient,0.0,0.0,-4.833333333333329,9.200000000000003,0.0,14.033333333333331,13.638088191448114,37.9
FeCrAl,Decay heat level,0.0,0.0,19.233333333333334,-7.866666666666664,0.0,27.099999999999998,13.638088191448114,37.9
FeCrAl,Outer-layer oxidation rate,0.0,0.0,0.03333333333333144,-0.03333333333333144,0.0,0.06666666666666288,13.638088191448114,37.9
Layered Zr/Mo/FeCrAl,Pellet diameter,0.2261609389294712,-0.1828333248618801,-7.600000000000001,10.799999999999997,0.4089942637913513,18.4,13.929477071309227,29.866666666666667
Layered Zr/Mo/FeCrAl,Zircaloy-2 layer thickness,-0.010078547552701878,0.010091925368664434,-0.13333333333333286,0.16666666666666785,0.02017047292136631,0.3000000000000007,13.929477071309227,29.866666666666667
Layered Zr/Mo/FeCrAl,Molybdenum layer thickness,-0.13635600022744576,0.1368091912657139,-0.23333333333333428,0.2666666666666657,0.27316519149315965,0.5,13.929477071309227,29.866666666666667
Layered Zr/Mo/FeCrAl,FeCrAl layer thickness,-0.051943275358587115,0.052055038374343,-0.1999999999999993,0.23333333333333428,0.10399831373293011,0.43333333333333357,13.929477071309227,29.866666666666667
Layered Zr/Mo/FeCrAl,Discharge burnup,0.5554657474260853,-0.4520262106845916,0.0,0.0,1.007491958110677,0.0,13.929477071309227,29.866666666666667
Layered Zr/Mo/FeCrAl,Uranium price,-0.5919425909009828,0.5919425909009881,0.0,0.0,1.1838851818019709,0.0,13.929477071309227,29.866666666666667
Layered Zr/Mo/FeCrAl,Enrichment (SWU) price,-0.3272023200392269,0.327202320039234,0.0,0.0,0.6544046400784609,0.0,13.929477071309227,29.866666666666667
Layered Zr/Mo/FeCrAl,Fabrication cost,-0.08301932367149689,0.08301932367149867,0.0,0.0,0.16603864734299556,0.0,13.929477071309227,29.866666666666667
Layered Zr/Mo/FeCrAl,Steam cooling coefficient,0.0,0.0,-2.533333333333335,3.566666666666663,0.0,6.099999999999998,13.929477071309227,29.866666666666667
Layered Zr/Mo/FeCrAl,Decay heat level,0.0,0.0,8.466666666666669,-5.033333333333335,0.0,13.500000000000004,13.929477071309227,29.866666666666667
Layered Zr/Mo/FeCrAl,Outer-layer oxidation rate,0.0,0.0,0.03333333333333144,0.0,0.0,0.03333333333333144,13.929477071309227,29.866666666666667
