rank,family,layout,pellet_mm,wall_mm,od_mm,layers,enrichment_wt,enrich_penalty_wt,usd_per_MWh_e,annual_fuel_cost_usd,collapse_sf,centerline_C,moderation_ratio,flow_ratio,peak_rod_burnup,fast_ok,coping_min,melt_min,protection_lost_min,h2_at_response_kg,h2_end_kg,peak_T,coping_plot_min,melt_plot_min,safe_ok,feasible,failed_checks,pass_Enrichment <= 5 wt%,pass_Peak-rod burnup <= 62 GWd/t,pass_Fuel centre < 1800 C,pass_Collapse safety factor >= 2,pass_Moderation within +/-10%,pass_Flow area >= 95%,pass_Layers >= 0.01 mm,pass_H2 by response time <= limit,pass_No melting before response time,pass_Coping time >= minimum
1,Zircaloy-2,11x11 (ATRIUM 11-style),8.269,0.45,9.329,Zircaloy-2 0.450,4.20267335075252,-0.024663509917674055,12.347241146598137,30841535.3077202,2.5696178358929034,1213.6611433504668,0.9263247181771189,1.0048268233635338,57.49999999999999,True,25.766666666666666,32.56666666666667,,2.4886643680118667,36.858396175599566,1850.0,25.766666666666666,32.56666666666667,True,True,-,1,1,1,1,1,1,1,1,1,1
2,Zircaloy-2,10x10 (GNF2),9.1,0.5,10.28,Zircaloy-2 0.500,4.203303081691931,-0.024033778978263316,12.350613984791096,30849960.14586666,2.7122080086460336,1392.4650909291008,0.9231543067267473,0.9962053561753552,57.49999999999999,True,24.366666666666667,31.266666666666666,,3.205873270847557,35.867973738417355,1850.0,24.366666666666667,31.266666666666666,True,True,-,1,1,1,1,1,1,1,1,1,1
3,Zircaloy-2,11x11 (ATRIUM 11-style),8.178,0.45,9.238000000000001,Zircaloy-2 0.450,4.203384050028202,-0.0239528106419922,12.351047651892243,30851043.380498026,2.650645304948964,1216.1163044033717,0.9649622277885075,1.0238268368072154,57.49999999999999,True,25.033333333333335,31.566666666666666,,2.915453611897855,35.069707045967604,1850.0,25.033333333333335,31.566666666666666,True,True,-,1,1,1,1,1,1,1,1,1,1
4,Zircaloy-2,10x10 (GNF2),9.0,0.5,10.18,Zircaloy-2 0.500,4.204020783506293,-0.02331607716390118,12.354458008071983,30859561.93288399,2.7974914183523145,1395.2054379794208,0.9616876137318167,1.0151046776583728,57.49999999999999,True,23.7,30.366666666666667,,3.8875745257658085,36.55155035336749,1850.0,23.7,30.366666666666667,True,True,-,1,1,1,1,1,1,1,1,1,1
5,Zircaloy-2,11x11 (ATRIUM 11-style),8.087,0.45,9.147,Zircaloy-2 0.450,4.204111794364835,-0.023225066305358148,12.354945464801155,30860779.52584627,2.7351156041220204,1218.6247263234484,1.0049345214467666,1.0426406057069888,57.49999999999999,True,24.3,30.6,,3.5399318156976793,34.16438164915704,1850.0,24.3,30.6,True,True,-,1,1,1,1,1,1,1,1,1,1
6,Zircaloy-2,10x10 (GNF2),9.1,0.55,10.379999999999999,Zircaloy-2 0.550,4.20967751527646,-0.017659345393734226,12.384756051872957,30935241.850085575,3.6398947213776274,1395.0479774566556,0.9054696624673203,0.9771212905918193,57.49999999999999,True,24.866666666666667,31.9,,2.8533305693474604,35.56965377791983,1850.0,24.866666666666667,31.9,True,True,-,1,1,1,1,1,1,1,1,1,1
7,Zircaloy-2,11x11 (ATRIUM 11-style),8.269,0.5,9.429,Zircaloy-2 0.500,4.20968265022583,-0.017654210444363203,12.384783555591449,30935310.550202053,3.5681339201041617,1215.9689249176404,0.9068787601873551,0.9837329026134033,57.49999999999999,True,26.4,33.36666666666667,,2.2191792504694754,29.488702582537197,1850.0,26.4,33.36666666666667,True,True,-,1,1,1,1,1,1,1,1,1,1
8,Zircaloy-2,10x10 (GNF2),9.0,0.55,10.28,Zircaloy-2 0.550,4.210474571258291,-0.016862289411902768,12.389025236593755,30945905.625882804,3.7537519149225815,1397.8104310874342,0.9437828165437278,0.9962053561753552,57.49999999999999,True,24.2,31.0,,3.36540166345259,35.81430006293955,1850.0,24.2,31.0,True,True,-,1,1,1,1,1,1,1,1,1,1
9,Zircaloy-2,11x11 (ATRIUM 11-style),8.178,0.5,9.338000000000001,Zircaloy-2 0.500,4.210480678314773,-0.016856182355421606,12.389057947226306,30945987.332080714,3.680001466454784,1218.4435587137486,0.945273992743753,1.0029375803910505,57.49999999999999,True,25.633333333333333,32.36666666666667,,2.561055599125293,36.60137999637797,1850.0,25.633333333333333,32.36666666666667,True,True,-,1,1,1,1,1,1,1,1,1,1
10,Zircaloy-2,10x10 (GNF2),8.9,0.55,10.18,Zircaloy-2 0.550,4.211290803654671,-0.01604605701552285,12.393397151760599,30956826.006750047,3.8724077123157783,1400.6325624264182,0.9834199812179918,1.0151046776583728,57.49999999999999,True,23.533333333333335,30.1,,4.153842683795123,36.670916000614035,1850.0,23.533333333333335,30.1,True,True,-,1,1,1,1,1,1,1,1,1,1
11,Zircaloy-2,11x11 (ATRIUM 11-style),8.087,0.5,9.247,Zircaloy-2 0.500,4.211297929236739,-0.016038931433454376,12.393435317980787,30956921.340178262,3.7965946488469746,1220.9717760123353,0.9849979675357937,1.0219560136247892,57.49999999999999,True,24.9,31.366666666666667,,3.016413042271577,34.99030035076351,1850.0,24.9,31.366666666666667,True,True,-,1,1,1,1,1,1,1,1,1,1
12,Zircaloy-2,11x11 (ATRIUM 11-style),7.996,0.5,9.156,Zircaloy-2 0.500,4.212135102911496,-0.015201757758697547,12.397919418072256,30968121.94196877,3.9181656579872923,1223.555338955709,1.0261120951545086,1.0407882023146193,57.49999999999999,True,24.166666666666668,30.433333333333334,,3.7087560254196164,34.02343492705331,1850.0,24.166666666666668,30.433333333333334,True,True,-,1,1,1,1,1,1,1,1,1,1
13,Cr-coated Zr,10x10 (GNF2),9.2,0.41500000000000004,10.209999999999999,Zircaloy-2 0.400 / Chromium 0.015,4.226745156438195,-0.0005917042319990773,12.399942430951093,30973175.12124905,2.2756567217385126,1384.6557550752007,0.9152067427527155,1.009454279344022,57.49999999999999,True,29.866666666666667,42.43333333333333,39.266666666666666,0.3662043469061825,8.82051099565989,1850.0,29.866666666666667,42.43333333333333,True,True,-,1,1,1,1,1,1,1,1,1,1
14,Cr-coated Zr,10x10 (GNF2),9.1,0.41500000000000004,10.11,Zircaloy-2 0.400 / Chromium 0.015,4.227736712029853,0.0003998513596592168,12.404333447106287,30984143.213487577,2.34681781053616,1387.2937060893719,0.9528253049825319,1.0282242799566765,57.49999999999999,True,28.933333333333334,40.833333333333336,37.766666666666666,0.40694111884557493,8.85159990309228,1850.0,28.933333333333334,40.833333333333336,True,True,-,1,1,1,1,1,1,1,1,1,1
15,Cr-coated Zr,10x10 (GNF2),9.0,0.41500000000000004,10.01,Zircaloy-2 0.400 / Chromium 0.015,4.228751892088176,0.0014150314179819138,12.408828728102142,30995371.743481096,2.4209770935620156,1389.9883099795393,0.9917240924164098,1.046809536468813,57.49999999999999,True,28.033333333333335,39.3,36.333333333333336,0.45202706607823634,8.978318508993475,1850.0,28.033333333333335,39.3,True,True,-,1,1,1,1,1,1,1,1,1,1
16,Cr-coated Zr,10x10 (GNF2),8.9,0.41500000000000004,9.91,Zircaloy-2 0.400 / Chromium 0.015,4.2297915471377285,0.002454686467534681,12.413432016534179,31006870.059665468,2.498294150461773,1392.7414132556187,1.0319614019311576,1.0652100488804315,57.49999999999999,True,27.133333333333333,37.86666666666667,35.0,0.5019064327642897,9.112457986926215,1850.0,27.133333333333333,37.86666666666667,True,True,-,1,1,1,1,1,1,1,1,1,1
17,Cr-coated Zr,10x10 (GNF2),8.8,0.41500000000000004,9.81,Zircaloy-2 0.400 / Chromium 0.015,4.230856568854644,0.0035197081844498203,12.41814723560544,31018647.96160675,2.5789388627488417,1395.5549436254976,1.0735988764116327,1.0834258171915312,57.49999999999999,True,26.3,36.46666666666667,33.7,0.5570682538467018,9.283945042091709,1850.0,26.3,36.46666666666667,True,True,-,1,1,1,1,1,1,1,1,1,1
18,Zircaloy-2,10x10 (GNF2),9.0,0.6,10.379999999999999,Zircaloy-2 0.600,4.216991445889586,-0.010345414780608417,12.42393151415975,31033096.211960357,4.893432251647697,1400.393317614989,0.925702996900232,0.9771212905918193,57.49999999999999,True,24.7,31.666666666666668,,2.9766410200275373,35.577941309499124,1850.0,24.7,31.666666666666668,True,True,-,1,1,1,1,1,1,1,1,1,1
19,Zircaloy-2,11x11 (ATRIUM 11-style),8.178,0.55,9.438,Zircaloy-2 0.550,4.21765371302131,-0.009683147648883797,12.42747887416674,31041956.9791233,4.930620261435123,1220.7494316488567,0.9253737827308164,0.9818234181133849,57.49999999999999,True,26.266666666666666,33.166666666666664,,2.2773531532684586,29.883961460317362,1850.0,26.266666666666666,33.166666666666664,True,True,-,1,1,1,1,1,1,1,1,1,1
20,Zircaloy-2,10x10 (GNF2),8.9,0.6,10.28,Zircaloy-2 0.600,4.217890435114232,-0.009446425555961443,12.428746852530434,31045124.19672349,5.047302672447615,1403.2375555344315,0.9651105686156033,0.9962053561753552,57.49999999999999,True,24.033333333333335,30.733333333333334,,3.5437182576628206,35.82099443394182,1850.0,24.033333333333335,30.733333333333334,True,True,-,1,1,1,1,1,1,1,1,1,1
21,Zircaloy-2,11x11 (ATRIUM 11-style),8.087,0.55,9.347,Zircaloy-2 0.550,4.218562199749308,-0.008774660920886145,12.432345101297285,31054112.07628875,5.085935507584217,1223.2970901953363,0.9648446412652365,1.0010465156810893,57.49999999999999,True,25.5,32.166666666666664,,2.6366829758002037,36.37387021574655,1850.0,25.5,32.166666666666664,True,True,-,1,1,1,1,1,1,1,1,1,1
22,Zircaloy-2,11x11 (ATRIUM 11-style),7.996,0.55,9.256,Zircaloy-2 0.550,4.219492928065138,-0.007843932605055845,12.437330486657894,31066564.812636588,5.247843121593972,1225.9004162656302,1.0056992194629295,1.0200833687048847,57.49999999999999,True,24.766666666666666,31.2,,3.124694689344262,34.818637715894525,1850.0,24.766666666666666,31.2,True,True,-,1,1,1,1,1,1,1,1,1,1
23,Cr-coated Zr,10x10 (GNF2),9.1,0.465,10.209999999999999,Zircaloy-2 0.450 / Chromium 0.015,4.2343542217301975,0.007017361060003552,12.439017559089264,31070778.86364126,3.2087673499870513,1389.9215515834258,0.9354316955269875,1.009454279344022,57.49999999999999,True,29.666666666666668,42.1,38.96666666666667,0.3763596190294997,8.806009029841807,1850.0,29.666666666666668,42.1,True,True,-,1,1,1,1,1,1,1,1,1,1
24,Cr-coated Zr,11x11 (ATRIUM 11-style),8.36,0.41500000000000004,9.35,Zircaloy-2 0.400 / Chromium 0.015,4.235664920380928,0.008328059710733506,12.439421936053055,31071788.935952827,2.9982097474725684,1208.9949014730446,0.9022896696117012,1.000415755947218,57.49999999999999,True,34.53333333333333,54.43333333333333,50.96666666666667,0.2692983967685347,5.774382832605346,1850.0,34.53333333333333,54.43333333333333,True,True,-,1,1,1,1,1,1,1,1,1,1
25,Zircaloy-2,11x11 (ATRIUM 11-style),7.905,0.55,9.165,Zircaloy-2 0.550,4.2204467206902425,-0.006890139979951419,12.442439438804884,31079326.200071733,5.416696614933608,1228.5612579899498,1.0480022573421752,1.0389339771847719,57.49999999999999,True,24.033333333333335,30.233333333333334,,3.902239007369793,33.868506726605986,1850.0,24.033333333333335,30.233333333333334,True,True,-,1,1,1,1,1,1,1,1,1,1
26,Cr-coated Zr,10x10 (GNF2),9.0,0.465,10.11,Zircaloy-2 0.450 / Chromium 0.015,4.235454187656851,0.008117326986657136,12.443950129686863,31083099.676723104,3.3096329930848203,1392.6390462477054,0.974116833402512,1.0282242799566765,57.49999999999999,True,28.733333333333334,40.5,37.46666666666667,0.4181492746625374,8.83690419812587,1850.0,28.733333333333334,40.5,True,True,-,1,1,1,1,1,1,1,1,1,1
27,Cr-coated Zr,11x11 (ATRIUM 11-style),8.269,0.41500000000000004,9.259,Zircaloy-2 0.400 / Chromium 0.015,4.236768765633039,0.009431904962845494,12.444306564615916,31083989.9971047,3.091736563301946,1211.3784858985705,0.9398135243920467,1.0194587489010325,57.49999999999999,True,33.233333333333334,51.166666666666664,47.9,0.299793834103868,5.894647832654773,1850.0,33.233333333333334,51.166666666666664,True,True,-,1,1,1,1,1,1,1,1,1,1
28,Cr-coated Zr,10x10 (GNF2),8.9,0.465,10.01,Zircaloy-2 0.450 / Chromium 0.015,4.236580789706085,0.009243929035891354,12.449001714991686,31095717.770489063,3.4147708553008225,1395.4154344265366,1.0141352289575707,1.046809536468813,57.49999999999999,True,27.833333333333332,38.96666666666667,36.03333333333333,0.46439176656787945,8.985859793188242,1850.0,27.833333333333332,38.96666666666667,True,True,-,1,1,1,1,1,1,1,1,1,1
29,Cr-coated Zr,11x11 (ATRIUM 11-style),8.178,0.41500000000000004,9.168000000000001,Zircaloy-2 0.400 / Chromium 0.015,4.2378990568765476,0.010562196206353134,12.449307794600106,31096482.31091862,3.189194175093531,1213.813298360307,0.9786178672137673,1.038315497310938,57.49999999999999,True,32.03333333333333,48.36666666666667,45.266666666666666,0.33361994932263617,6.046927940403475,1850.0,32.03333333333333,48.36666666666667,True,True,-,1,1,1,1,1,1,1,1,1,1
30,Cr-coated Zr,10x10 (GNF2),8.8,0.465,9.91,Zircaloy-2 0.450 / Chromium 0.015,4.23773500204959,0.010398141379395567,12.454176654189883,31108643.983567886,3.524409543210285,1398.2526538057432,1.0555483296354207,1.0652100488804315,57.49999999999999,True,26.933333333333334,37.53333333333333,34.7,0.5155413346040096,9.112156642158777,1850.0,26.933333333333334,37.53333333333333,True,True,-,1,1,1,1,1,1,1,1,1,1
31,Cr-coated Zr,11x11 (ATRIUM 11-style),8.087,0.41500000000000004,9.077,Zircaloy-2 0.400 / Chromium 0.015,4.239056751054611,0.011719890384416856,12.454429831895782,31109276.38307016,3.290791278807166,1216.3010100844485,1.018761129630495,1.0569860011769359,57.49999999999999,True,30.9,45.833333333333336,42.9,0.3711234497378477,6.188633678364247,1850.0,30.9,45.833333333333336,True,True,-,1,1,1,1,1,1,1,1,1,1
32,Zircaloy-2,10x10 (GNF2),9.0,0.65,10.48,Zircaloy-2 0.650,4.2235714074001764,-0.0037654532700176174,12.459176870828472,31121133.766198214,6.2282752768770395,1402.9544623798638,0.9074481548013297,0.957852480907765,57.49999999999999,True,25.2,32.333333333333336,,2.6657964165866592,35.45032465742398,1850.0,25.2,32.333333333333336,True,True,-,1,1,1,1,1,1,1,1,1,1
33,Cr-coated Zr,10x10 (GNF2),8.7,0.465,9.809999999999999,Zircaloy-2 0.450 / Chromium 0.015,4.238917846723588,0.011580986053393862,12.45947949908664,31121889.685678415,3.638792501190283,1401.1527281113272,1.0984211519265012,1.0834258171915316,57.49999999999999,True,26.1,36.166666666666664,33.43333333333333,0.572098038849066,9.321049395375006,1850.0,26.1,36.166666666666664,True,True,-,1,1,1,1,1,1,1,1,1,1
34,Cr-coated Zr,11x11 (ATRIUM 11-style),7.996,0.41500000000000004,8.986,Zircaloy-2 0.400 / Chromium 0.015,4.240242851628111,0.012905990957917637,12.459677086280474,31122383.22851463,3.396750009085779,1218.8433658667573,1.0603051032119855,1.0754702604990245,57.49999999999999,True,29.8,43.63333333333333,40.833333333333336,0.4126862118705426,6.383292273524134,1850.0,29.8,43.63333333333333,True,True,-,1,1,1,1,1,1,1,1,1,1
35,Zircaloy-2,10x10 (GNF2),8.9,0.65,10.38,Zircaloy-2 0.650,4.22455457910028,-0.0027822815699135505,12.46444329960357,31134288.50636116,6.423097929160301,1405.8204420619863,0.9466221783729171,0.9771212905918191,57.49999999999999,True,24.533333333333335,31.4,,3.110372446566998,35.47378038934667,1850.0,24.533333333333335,31.4,True,True,-,1,1,1,1,1,1,1,1,1,1
36,Zircaloy-2,11x11 (ATRIUM 11-style),8.178,0.6,9.538,Zircaloy-2 0.600,4.224903154147816,-0.0024337065223785973,12.466310472776563,31138952.42169713,6.418200003094201,1223.0343028246132,0.9052615977496977,0.9604843499742189,57.49999999999999,True,26.9,34.03333333333333,,2.0410956059147534,26.444589460818356,1850.0,26.9,34.03333333333333,True,True,-,1,1,1,1,1,1,1,1,1,1
37,Zircaloy-2,10x10 (GNF2),8.8,0.65,10.280000000000001,Zircaloy-2 0.650,4.225561873390226,-0.001774987279968177,12.469838969806181,31147766.072004117,6.626131540275973,1408.748796084556,0.9871695266017806,0.9962053561753548,57.49999999999999,True,23.833333333333332,30.5,,3.7464337064103446,35.85672456161294,1850.0,23.833333333333332,30.5,True,True,-,1,1,1,1,1,1,1,1,1,1
38,Zircaloy-2,11x11 (ATRIUM 11-style),8.087,0.6,9.447,Zircaloy-2 0.600,4.2259046059025405,-0.0014322547676536943,12.471674856212575,31152351.83774332,6.619214601949295,1225.601057573053,0.9444745426350949,0.9799121118758887,57.49999999999999,True,26.133333333333333,32.96666666666667,,2.3374064883470957,30.381764018832556,1850.0,26.133333333333333,32.96666666666667,True,True,-,1,1,1,1,1,1,1,1,1,1
39,Cr-coated Zr,10x10 (GNF2),9.1,0.515,10.309999999999999,Zircaloy-2 0.500 / Chromium 0.015,4.241033439403288,0.013696578733093972,12.474033419507274,31158243.171059422,4.24595756225132,1392.5268907676268,0.9178668891279825,0.9904995346308489,57.49999999999999,True,30.4,43.46666666666667,40.233333333333334,0.34796286905762136,7.055658411227771,1850.0,30.4,43.46666666666667,True,True,-,1,1,1,1,1,1,1,1,1,1
40,Zircaloy-2,11x11 (ATRIUM 11-style),7.996,0.6,9.356,Zircaloy-2 0.600,4.226930677454644,-0.00040618321554999643,12.477171146295518,31166080.736583304,6.828711828874256,1228.223793469507,0.9850646092971861,0.9991536292336495,57.49999999999999,True,25.366666666666667,31.966666666666665,,2.7159192491291155,36.14045644958331,1850.0,25.366666666666667,31.966666666666665,True,True,-,1,1,1,1,1,1,1,1,1,1
41,Cr-coated Zr,10x10 (GNF2),9.0,0.515,10.209999999999999,Zircaloy-2 0.500 / Chromium 0.015,4.242219570104821,0.01488270943462645,12.479410698308385,31171674.79777141,4.378731086584787,1395.2668917417595,0.9563345519332076,1.009454279344022,57.49999999999999,True,29.433333333333334,41.733333333333334,38.63333333333333,0.38668384966558017,8.796327276494313,1850.0,29.433333333333334,41.733333333333334,True,True,-,1,1,1,1,1,1,1,1,1,1
42,Zircaloy-2,11x11 (ATRIUM 11-style),7.905,0.6,9.264999999999999,Zircaloy-2 0.600,4.227982282816528,0.0006454221463340996,12.482804241125491,31180151.352928095,7.047143894828012,1230.9043661449641,1.0270962844849778,1.0182089020475023,57.49999999999999,True,24.633333333333333,31.0,,3.24167931545698,34.68820259664234,1850.0,24.633333333333333,31.0,True,True,-,1,1,1,1,1,1,1,1,1,1
43,Cr-coated Zr,11x11 (ATRIUM 11-style),8.269,0.465,9.359,Zircaloy-2 0.450 / Chromium 0.015,4.244147186393364,0.01681032572316962,12.482907224113646,31180408.58880999,4.221025497018845,1213.708222550204,0.9205127009645264,0.9985222622539524,57.49999999999999,True,34.36666666666667,54.166666666666664,50.733333333333334,0.2743908418019759,5.770512869924725,1850.0,34.36666666666667,54.166666666666664,True,True,-,1,1,1,1,1,1,1,1,1,1
44,Cr-coated Zr,10x10 (GNF2),8.9,0.515,10.11,Zircaloy-2 0.500 / Chromium 0.015,4.24343454480093,0.0160976841307366,12.484918250747345,31185431.82826823,4.517098690787501,1398.0661706947026,0.996130078343687,1.0282242799566765,57.49999999999999,True,28.533333333333335,40.166666666666664,37.166666666666664,0.42954042523461544,8.853571755268373,1850.0,28.533333333333335,40.166666666666664,True,True,-,1,1,1,1,1,1,1,1,1,1
45,Cr-coated Zr,11x11 (ATRIUM 11-style),8.178,0.465,9.268,Zircaloy-2 0.450 / Chromium 0.015,4.245373066885997,0.018036206215802965,12.488400048508826,31194128.830887683,4.353316817901802,1216.162894464269,0.9590780146467404,1.0175836749978235,57.49999999999999,True,33.1,50.9,47.666666666666664,0.30541245225329794,5.888401801390649,1850.0,33.1,50.9,True,True,-,1,1,1,1,1,1,1,1,1,1
46,Zircaloy-2,11x11 (ATRIUM 11-style),7.815,0.6,9.175,Zircaloy-2 0.600,4.229048386789285,0.0017115261190910097,12.488515030551003,31194416.038586266,7.272435435505911,1233.6142685645789,1.0701509160355172,1.0368715904348123,57.49999999999999,True,23.933333333333334,30.066666666666666,,4.11550824055368,33.7704519372146,1850.0,23.933333333333334,30.066666666666666,True,True,-,1,1,1,1,1,1,1,1,1,1
47,Cr-coated Zr,10x10 (GNF2),8.8,0.515,10.01,Zircaloy-2 0.500 / Chromium 0.015,4.244679422295452,0.01734256162525727,12.490560843506337,31199526.168998867,4.661358121174587,1400.9266749766612,1.0373147144334862,1.046809536468813,57.49999999999999,True,27.633333333333333,38.666666666666664,35.766666666666666,0.47695455796611846,8.995941784760815,1850.0,27.633333333333333,38.666666666666664,True,True,-,1,1,1,1,1,1,1,1,1,1
48,Cr-coated Zr,11x11 (ATRIUM 11-style),8.087,0.465,9.177,Zircaloy-2 0.450 / Chromium 0.015,4.246628808506124,0.019291947835929968,12.494026157456009,31208181.997557018,4.491194594329564,1218.6707984268824,0.9989763163712313,1.0364588431977866,57.49999999999999,True,31.9,48.1,45.03333333333333,0.3398157674776036,6.0382674527950195,1850.0,31.9,48.1,True,True,-,1,1,1,1,1,1,1,1,1,1
49,Cr-coated Zr,10x10 (GNF2),8.7,0.515,9.909999999999998,Zircaloy-2 0.500 / Chromium 0.015,4.245955313583365,0.01861845291317129,12.49634347757418,31213970.31167475,4.81182634545462,1403.8504382915728,1.0799532652525698,1.0652100488804315,57.49999999999999,True,26.733333333333334,37.233333333333334,34.43333333333333,0.5293905690565933,9.150940674700138,1850.0,26.733333333333334,37.233333333333334,True,True,-,1,1,1,1,1,1,1,1,1,1
50,Cr-coated Zr,11x11 (ATRIUM 11-style),7.996,0.465,9.086,Zircaloy-2 0.450 / Chromium 0.015,4.247915509240985,0.02057864857079139,12.499790435592994,31222580.289902214,4.634956851088069,1221.2336873586642,1.040269176126486,1.055147766853841,57.49999999999999,True,30.766666666666666,45.63333333333333,42.733333333333334,0.37795221938562173,6.184392083261174,1850.0,30.766666666666666,45.63333333333333,True,True,-,1,1,1,1,1,1,1,1,1,1
51,Zircaloy-2,10x10 (GNF2),8.9,0.7,10.48,Zircaloy-2 0.700,4.231283235612815,0.003946374942620781,12.500486524232368,31224319.013726726,8.010899910143202,1408.3815868268612,0.9279548104899342,0.957852480907765,57.49999999999999,True,25.033333333333335,32.06666666666667,,2.772459940601596,35.41633369449367,1850.0,25.033333333333335,32.06666666666667,True,True,-,1,1,1,1,1,1,1,1,1,1
52,Cr-coated Zr,11x11 (ATRIUM 11-style),7.905,0.465,8.995,Zircaloy-2 0.450 / Chromium 0.015,4.249234321291359,0.021897460621165,12.505698008047807,31237336.509715594,4.784920897085546,1223.8533920984974,1.0830217469812091,1.073650445965987,57.49999999999999,True,29.666666666666668,43.4,40.63333333333333,0.42020886511548633,6.373655891655028,1850.0,29.666666666666668,43.4,True,True,-,1,1,1,1,1,1,1,1,1,1
53,Zircaloy-2,10x10 (GNF2),8.8,0.7,10.38,Zircaloy-2 0.700,4.232378335749922,0.005041475079727778,12.506352734932209,31238971.918150764,8.262796835812235,1411.3316826121109,0.9682585582246741,0.9771212905918191,57.49999999999999,True,24.333333333333332,31.166666666666668,,3.2566927238366628,35.44851242918941,1850.0,24.333333333333332,31.166666666666668,True,True,-,1,1,1,1,1,1,1,1,1,1
54,Cr-coated Zr,10x10 (GNF2),9.1,0.5650000000000001,10.41,Zircaloy-2 0.550 / Chromium 0.015,4.247774365049122,0.0204375043789278,12.509381057941102,31246536.20963038,5.470267523814411,1395.1100987438808,0.9001308857855174,0.9713600458171573,57.49999999999999,True,31.2,44.86666666666667,41.56666666666667,0.32160520941755666,6.82885413946945,1850.0,31.2,44.86666666666667,True,True,-,1,1,1,1,1,1,1,1,1,1
55,Zircaloy-2,11x11 (ATRIUM 11-style),8.087,0.65,9.547,Zircaloy-2 0.650,4.233325147696437,0.00598828702624329,12.511424624402146,31251640.728641033,8.411160895923787,1227.8840568775204,0.9238876716453686,0.9585528022091873,57.49999999999999,True,26.766666666666666,33.8,,2.0905033207482826,26.5182728229523,1850.0,26.766666666666666,33.8,True,True,-,1,1,1,1,1,1,1,1,1,1
56,Zircaloy-2,10x10 (GNF2),8.7,0.7,10.28,Zircaloy-2 0.700,4.233500734598279,0.006163873928085708,12.512365212310085,31253990.17454788,8.525366382665938,1414.3465805703856,1.0099935016520274,0.9962053561753552,57.49999999999999,True,23.666666666666668,30.266666666666666,,3.982087195121914,35.98814891991516,1850.0,23.666666666666668,30.266666666666666,True,True,-,1,1,1,1,1,1,1,1,1,1
57,Cr-coated Zr,10x10 (GNF2),9.0,0.5650000000000001,10.31,Zircaloy-2 0.550 / Chromium 0.015,4.249048039432084,0.021711178761890694,12.515210464570654,31261097.183070015,5.6404390899695365,1397.8722309259604,0.9383772480084964,0.9904995346308486,57.49999999999999,True,30.2,43.1,39.9,0.35747021298794024,7.086818172097277,1850.0,30.2,43.1,True,True,-,1,1,1,1,1,1,1,1,1,1
58,Zircaloy-2,11x11 (ATRIUM 11-style),7.996,0.65,9.456000000000001,Zircaloy-2 0.650,4.2344483510800135,0.0071114904098197535,12.517441440134322,31266669.821589064,8.675838832231136,1230.5258583573473,0.9642082646572778,0.9779989839009134,57.49999999999999,True,26.0,32.766666666666666,,2.3994875081485,30.99663229174363,1850.0,26.0,32.766666666666666,True,True,-,1,1,1,1,1,1,1,1,1,1
59,Cr-coated Zr,10x10 (GNF2),8.9,0.5650000000000001,10.21,Zircaloy-2 0.550 / Chromium 0.015,4.2503528124222605,0.023015951752066315,12.521181655475877,31276012.3121216,5.817742849983755,1400.6940161887567,0.9779459500895061,1.0094542793440215,57.49999999999999,True,29.233333333333334,41.4,38.333333333333336,0.39717531464446076,8.813658693245166,1850.0,29.233333333333334,41.4,True,True,-,1,1,1,1,1,1,1,1,1,1
60,Cr-coated Zr,11x11 (ATRIUM 11-style),8.269,0.515,9.459,Zircaloy-2 0.500 / Chromium 0.015,4.251600341128243,0.02426348045804899,12.521909713618951,31277830.890916582,5.577234639614483,1216.0165100282936,0.9010045424480868,0.9773608697453717,57.49999999999999,True,35.53333333333333,57.833333333333336,54.2,0.25105458835800476,5.664665212116289,1850.0,35.53333333333333,57.833333333333336,True,True,-,1,1,1,1,1,1,1,1,1,1
61,Zircaloy-2,11x11 (ATRIUM 11-style),7.905,0.65,9.365,Zircaloy-2 0.650,4.235599619898063,0.008262759227869662,12.523608632975163,31282074.533742335,8.951739267824866,1233.225809510595,1.0059634426873874,0.9972589210487317,57.49999999999999,True,25.233333333333334,31.766666666666666,,2.7992125636330947,35.98091294194485,1850.0,25.233333333333334,31.766666666666666,True,True,-,1,1,1,1,1,1,1,1,1,1
62,Cr-coated Zr,10x10 (GNF2),8.8,0.5650000000000001,10.110000000000001,Zircaloy-2 0.550 / Chromium 0.015,4.251689829592232,0.02435296892203808,12.527299836350652,31291294.59981875,6.00255640709046,1403.577411244827,1.0188980308058295,1.0282242799566763,57.49999999999999,True,28.3,39.833333333333336,36.86666666666667,0.4411125222580972,8.8665205724647,1850.0,28.3,39.833333333333336,True,True,-,1,1,1,1,1,1,1,1,1,1
63,Cr-coated Zr,11x11 (ATRIUM 11-style),8.178,0.515,9.368,Zircaloy-2 0.500 / Chromium 0.015,4.252923483315416,0.025586622645221938,12.5279031320977,31292801.541074913,5.7510334076318115,1218.49068477656,0.939326187111531,0.9966269468232083,57.49999999999999,True,34.2,53.93333333333333,50.53333333333333,0.27949205265843624,5.767022193742858,1850.0,34.2,53.93333333333333,True,True,-,1,1,1,1,1,1,1,1,1,1
64,Zircaloy-2,11x11 (ATRIUM 11-style),7.815,0.65,9.275,Zircaloy-2 0.650,4.236766879063576,0.009430018393382155,12.529861520320155,31297693.29776711,9.236235040400683,1235.95519254176,1.0487374385429822,1.0161240247113925,57.49999999999999,True,24.5,30.833333333333332,,3.361375466043779,34.52950040670801,1850.0,24.5,30.833333333333332,True,True,-,1,1,1,1,1,1,1,1,1,1
65,Cr-coated Zr,10x10 (GNF2),8.7,0.5650000000000001,10.01,Zircaloy-2 0.550 / Chromium 0.015,4.2530602931558255,0.025723432485631754,12.533570469549321,31306957.69029397,6.19528161076096,1406.5244594624905,1.0612980774967526,1.046809536468813,57.49999999999999,True,27.433333333333334,38.333333333333336,35.5,0.4897130240133882,8.960098795396727,1850.0,27.433333333333334,38.333333333333336,True,True,-,1,1,1,1,1,1,1,1,1,1
66,Cr-coated Zr,11x11 (ATRIUM 11-style),8.087,0.515,9.277,Zircaloy-2 0.500 / Chromium 0.015,4.254279001598297,0.02694214092810325,12.534042618141134,31308137.045851376,5.932129102884518,1221.0184157107988,0.9789747307523832,1.015706779357137,57.49999999999999,True,32.93333333333333,50.666666666666664,47.46666666666667,0.31103839396842115,5.883077492490048,1850.0,32.93333333333333,50.666666666666664,True,True,-,1,1,1,1,1,1,1,1,1,1
67,Cr-coated Zr,11x11 (ATRIUM 11-style),7.996,0.515,9.186,Zircaloy-2 0.500 / Chromium 0.015,4.2556680910897215,0.028331230419527585,12.540333545257994,31323850.82745565,6.120908731423807,1223.6014636101236,1.0200115145668223,1.0346003673471567,57.49999999999999,True,31.733333333333334,47.86666666666667,44.833333333333336,0.34601705419458983,6.03103011199888,1850.0,31.733333333333334,47.86666666666667,True,True,-,1,1,1,1,1,1,1,1,1,1
68,Zircaloy-2,10x10 (GNF2),8.8,0.75,10.48,Zircaloy-2 0.750,4.239260785160535,0.011923924490340429,12.543221241450857,31331063.854481913,10.12814906500406,1413.8928273769857,0.9491645214218452,0.957852480907765,57.49999999999999,True,24.866666666666667,31.833333333333332,,2.8866572070287893,35.39939394834297,1850.0,24.866666666666667,31.833333333333332,True,True,-,1,1,1,1,1,1,1,1,1,1
69,Cr-coated Zr,11x11 (ATRIUM 11-style),7.905,0.515,9.094999999999999,Zircaloy-2 0.500 / Chromium 0.015,4.257092006112801,0.029755145442606615,12.54678155240267,31339956.97114037,6.317784193591301,1226.2416674138856,1.0625014513226796,1.053307710793268,57.49999999999999,True,30.6,45.43333333333333,42.53333333333333,0.38478412455969235,6.222958012332649,1850.0,30.6,45.43333333333333,True,True,-,1,1,1,1,1,1,1,1,1,1
70,Zircaloy-2,10x10 (GNF2),8.7,0.75,10.379999999999999,Zircaloy-2 0.750,4.240474797818452,0.013137937148258023,12.549724702492965,31347308.513590053,10.448299045786696,1416.9294670979402,0.9906452998932329,0.9771212905918193,57.49999999999999,True,24.166666666666668,30.9,,3.418558387625496,35.44267508813237,1850.0,24.166666666666668,30.9,True,True,-,1,1,1,1,1,1,1,1,1,1
71,Cr-coated Zr,10x10 (GNF2),9.0,0.615,10.41,Zircaloy-2 0.600 / Chromium 0.015,4.255939595638649,0.028602734968455057,12.551349459204399,31351366.909379624,7.106011350492923,1400.4554389022142,0.920244921628379,0.9713600458171573,57.49999999999999,True,30.966666666666665,44.5,41.233333333333334,0.33035777081713874,6.860071358791958,1850.0,30.966666666666665,44.5,True,True,-,1,1,1,1,1,1,1,1,1,1
72,Cr-coated Zr,10x10 (GNF2),8.9,0.615,10.31,Zircaloy-2 0.600 / Chromium 0.015,4.257335592570075,0.029998731899880893,12.557791960983822,31367459.301497106,7.32822039453679,1403.2993553729575,0.9595828441950284,0.9904995346308486,57.49999999999999,True,29.966666666666665,42.733333333333334,39.6,0.3671303945451413,7.079161046322962,1850.0,29.966666666666665,42.733333333333334,True,True,-,1,1,1,1,1,1,1,1,1,1
73,Zircaloy-2,11x11 (ATRIUM 11-style),7.996,0.7,9.556000000000001,Zircaloy-2 0.700,4.242045948941247,0.014709088271053732,12.558141411539957,31368332.17597468,10.802976508890783,1232.8069887798968,0.9431301855432054,0.9566194327066775,57.49999999999999,True,26.633333333333333,33.63333333333333,,2.1411474051932036,26.65536473548905,1850.0,26.633333333333333,33.63333333333333,True,True,-,1,1,1,1,1,1,1,1,1,1
74,Cr-coated Zr,10x10 (GNF2),8.8,0.615,10.21,Zircaloy-2 0.600 / Chromium 0.015,4.2587662239399275,0.03142936326973327,12.564393665655848,31383949.358289223,7.559791660049784,1406.205256738881,1.0002982787524506,1.0094542793440215,57.49999999999999,True,29.033333333333335,41.06666666666667,38.03333333333333,0.4078320800927055,8.78516776137015,1850.0,29.033333333333335,41.06666666666667,True,True,-,1,1,1,1,1,1,1,1,1,1
75,Zircaloy-2,11x11 (ATRIUM 11-style),7.905,0.7,9.465,Zircaloy-2 0.700,4.243298731934849,0.015961871264655283,12.564852659272544,31385095.8547144,11.144532866693488,1235.525974968936,0.9846037319494046,0.9760840341884611,57.49999999999999,True,25.866666666666667,32.6,,2.4637671040095093,31.996165366402312,1850.0,25.866666666666667,32.6,True,True,-,1,1,1,1,1,1,1,1,1,1
76,Cr-coated Zr,11x11 (ATRIUM 11-style),8.178,0.5650000000000001,9.468000000000002,Zircaloy-2 0.550 / Chromium 0.015,4.260550306164803,0.033213445494608945,12.567817086411315,31392500.544003453,7.397323611808142,1220.7970607251086,0.9193623846081396,0.9754453127870922,57.49999999999999,True,35.36666666666667,57.6,54.0,0.2556844701620812,5.661436624228781,1850.0,35.36666666666667,57.6,True,True,-,1,1,1,1,1,1,1,1,1,1
77,Cr-coated Zr,10x10 (GNF2),8.7,0.615,10.11,Zircaloy-2 0.600 / Chromium 0.015,4.260232785440972,0.03289592477077765,12.571160509125216,31400851.90674555,7.80122345363624,1409.1751957306567,1.0424555886590496,1.0282242799566765,57.49999999999999,True,28.1,39.53333333333333,36.6,0.4528632849821181,8.88151086034439,1850.0,28.1,39.53333333333333,True,True,-,1,1,1,1,1,1,1,1,1,1
78,Zircaloy-2,11x11 (ATRIUM 11-style),7.815,0.7,9.375,Zircaloy-2 0.700,4.244569040630814,0.01723217996061937,12.571657836346875,31402094.15470072,11.496645777114887,1238.27449087303,1.027091836633184,0.9951515531264722,57.49999999999999,True,25.1,31.6,,2.881658070900825,35.82404783881537,1850.0,25.1,31.6,True,True,-,1,1,1,1,1,1,1,1,1,1
79,Cr-coated Zr,11x11 (ATRIUM 11-style),8.087,0.5650000000000001,9.377,Zircaloy-2 0.550 / Chromium 0.015,4.262007330331137,0.034670469660943594,12.5744792564353,31409141.634072177,7.62892413522346,1223.3442628540856,0.9587563727739501,0.9947298096549863,57.49999999999999,True,34.06666666666667,53.666666666666664,50.3,0.28459887746499296,5.7602932500066775,1850.0,34.06666666666667,53.666666666666664,True,True,-,1,1,1,1,1,1,1,1,1,1
80,Cr-coated Zr,10x10 (GNF2),8.6,0.615,10.01,Zircaloy-2 0.600 / Chromium 0.015,4.261736637801961,0.03439977713176788,12.578098724392879,31418182.51595692,8.053046250719335,1412.2113168945425,1.0861229243608599,1.046809536468813,57.49999999999999,True,27.233333333333334,38.03333333333333,35.2,0.5026644909285841,9.000635125882031,1850.0,27.233333333333334,38.03333333333333,True,True,-,1,1,1,1,1,1,1,1,1,1
81,Zircaloy-2,11x11 (ATRIUM 11-style),7.724,0.7,9.284,Zircaloy-2 0.700,4.24588631184981,0.018549451179615373,12.578714642191358,31419720.985182784,11.867915820377414,1241.115637167577,1.0716097766073347,1.0142457121637778,57.49999999999999,True,24.4,30.633333333333333,,3.500900006253225,34.38199892654152,1850.0,24.4,30.633333333333333,True,True,-,1,1,1,1,1,1,1,1,1,1
82,Cr-coated Zr,11x11 (ATRIUM 11-style),7.996,0.5650000000000001,9.286000000000001,Zircaloy-2 0.550 / Chromium 0.015,4.263500597174322,0.036163736504128484,12.581306459267005,31426194.951059103,7.870294586494314,1225.9471053211932,0.9995321185329936,1.0138280619789715,57.49999999999999,True,32.8,50.43333333333333,47.266666666666666,0.31666812503567787,5.876261564574163,1850.0,32.8,50.43333333333333,True,True,-,1,1,1,1,1,1,1,1,1,1
83,Zircaloy-2,10x10 (GNF2),8.7,0.8,10.479999999999999,Zircaloy-2 0.800,4.247516373751308,0.020179513081113817,12.587447175632018,31441533.528992236,12.616417285101413,1419.490611862815,0.9711097970525533,0.9578524809077654,57.49999999999999,True,24.666666666666668,31.566666666666666,,3.0096682951553677,35.24981538425509,1850.0,24.666666666666668,31.566666666666666,True,True,-,1,1,1,1,1,1,1,1,1,1
84,Cr-coated Zr,10x10 (GNF2),9.0,0.665,10.51,Zircaloy-2 0.650 / Chromium 0.015,4.262894238724504,0.035557378054310314,12.587827713063712,31442484.053769078,8.785838056874503,1403.0168817010306,0.901937572792855,0.9520358129029479,57.49999999999999,True,31.766666666666666,46.03333333333333,42.666666666666664,0.3052053206845008,6.684467208868277,1850.0,31.766666666666666,46.03333333333333,True,True,-,1,1,1,1,1,1,1,1,1,1
85,Cr-coated Zr,11x11 (ATRIUM 11-style),7.905,0.5650000000000001,9.195,Zircaloy-2 0.550 / Chromium 0.015,4.26503146588949,0.03769460521929637,12.588304862513658,31443675.90071147,8.121955619855122,1228.6074349007959,1.0417542867237568,1.032740069759048,57.49999999999999,True,31.6,47.666666666666664,44.666666666666664,0.35221984979227966,6.0251833019275365,1850.0,31.6,47.666666666666664,True,True,-,1,1,1,1,1,1,1,1,1,1
86,Zircaloy-2,10x10 (GNF2),8.6,0.8,10.379999999999999,Zircaloy-2 0.800,4.248856754864079,0.021519894193885163,12.594627890426036,31459469.865233257,13.017333226191555,1422.6163245299922,1.0138175060697512,0.9771212905918193,57.49999999999999,True,24.0,30.666666666666668,,3.600134395437672,35.40434542847731,1850.0,24.0,30.666666666666668,True,True,-,1,1,1,1,1,1,1,1,1,1
87,Cr-coated Zr,10x10 (GNF2),8.9,0.665,10.41,Zircaloy-2 0.650 / Chromium 0.015,4.26438288524438,0.037046024574186195,12.594749199206086,31459772.876163278,9.059151896757976,1405.8825633492115,0.9410407606602536,0.9713600458171573,57.49999999999999,True,30.766666666666666,44.166666666666664,40.93333333333333,0.33925001457662995,6.894702018913976,1850.0,30.766666666666666,44.166666666666664,True,True,-,1,1,1,1,1,1,1,1,1,1
88,Cr-coated Zr,11x11 (ATRIUM 11-style),7.815,0.5650000000000001,9.105,Zircaloy-2 0.550 / Chromium 0.015,4.266583894999822,0.0392470343296276,12.595401095407869,31461401.213982683,8.381515837229479,1231.2969637764008,1.0850022362520202,1.0512610674536134,57.49999999999999,True,30.466666666666665,45.233333333333334,42.36666666666667,0.39115954152346916,6.208842966758499,1850.0,30.466666666666665,45.233333333333334,True,True,-,1,1,1,1,1,1,1,1,1,1
89,Cr-coated Zr,10x10 (GNF2),8.8,0.665,10.31,Zircaloy-2 0.650 / Chromium 0.015,4.265908605338541,0.038571744668346584,12.601842364488439,31477490.527005423,9.343920807159208,1408.810595923082,0.9815154582733495,0.9904995346308486,57.49999999999999,True,29.766666666666666,42.4,39.3,0.3769415926804069,7.1119857291230115,1850.0,29.766666666666666,42.4,True,True,-,1,1,1,1,1,1,1,1,1,1
90,Zircaloy-2,11x11 (ATRIUM 11-style),7.905,0.75,9.565,Zircaloy-2 0.750,4.251079618926885,0.023742758256690817,12.606536365155494,31489215.428591825,13.638293751444122,1237.8052394920298,0.9630171522710291,0.95468424146669,57.49999999999999,True,26.5,33.43333333333333,,2.193096929759167,26.729728923517808,1850.0,26.5,33.43333333333333,True,True,-,1,1,1,1,1,1,1,1,1,1
91,Cr-coated Zr,10x10 (GNF2),8.7,0.665,10.209999999999999,Zircaloy-2 0.650 / Chromium 0.015,4.267472790438799,0.0401359297686045,12.609113630553873,31495653.046585813,9.64075125948817,1411.8030412247108,1.0234257987394613,1.009454279344022,57.49999999999999,True,28.833333333333332,40.766666666666666,37.766666666666666,0.41865199872694475,8.788741817001371,1850.0,28.833333333333332,40.766666666666666,True,True,-,1,1,1,1,1,1,1,1,1,1
92,Zircaloy-2,11x11 (ATRIUM 11-style),7.815,0.75,9.475000000000001,Zircaloy-2 0.750,4.252454871490997,0.02511801082080294,12.613904025387681,31507618.72617777,14.066690997197421,1240.5725494348262,1.0052141103061223,0.973954175680051,57.49999999999999,True,25.733333333333334,32.4,,2.526243416937279,32.693327989820176,1850.0,25.733333333333334,32.4,True,True,-,1,1,1,1,1,1,1,1,1,1
93,Cr-coated Zr,11x11 (ATRIUM 11-style),8.087,0.615,9.477,Zircaloy-2 0.600 / Chromium 0.015,4.269813794704643,0.04247693403444897,12.615336115007958,31511195.86880123,9.595596883350279,1225.6487303616027,0.9383212424359332,0.9735279340913355,57.49999999999999,True,35.233333333333334,57.36666666666667,53.8,0.26031853014601136,5.656839838163782,1850.0,35.233333333333334,57.36666666666667,True,True,-,1,1,1,1,1,1,1,1,1,1
94,Cr-coated Zr,10x10 (GNF2),8.6,0.665,10.11,Zircaloy-2 0.650 / Chromium 0.015,4.269076902013193,0.04174004134299952,12.616569741349405,31514277.280261047,9.9502886672211,1414.8620531627084,1.0668396904489383,1.0282242799566765,57.49999999999999,True,27.9,39.2,36.3,0.46479019627790197,8.887203433112688,1850.0,27.9,39.2,True,True,-,1,1,1,1,1,1,1,1,1,1
95,Zircaloy-2,11x11 (ATRIUM 11-style),7.724,0.75,9.384,Zircaloy-2 0.750,4.253881106809748,0.02654424613955427,12.621544869528055,31526704.395724367,14.518286678003616,1243.43300826722,1.0494297502695085,0.9932529990513228,57.49999999999999,True,25.0,31.433333333333334,,2.974414044184219,35.6804464509476,1850.0,25.0,31.433333333333334,True,True,-,1,1,1,1,1,1,1,1,1,1
96,Cr-coated Zr,11x11 (ATRIUM 11-style),7.996,0.615,9.386000000000001,Zircaloy-2 0.600 / Chromium 0.015,4.271413027494785,0.04407616682459089,12.622709221804277,31529612.771078132,9.897441651785293,1228.2710124583375,0.9788309880250007,0.9928308507492861,57.49999999999999,True,33.9,53.43333333333333,50.1,0.289708101752546,5.753934970433361,1850.0,33.9,53.43333333333333,True,True,-,1,1,1,1,1,1,1,1,1,1
97,Zircaloy-2,11x11 (ATRIUM 11-style),7.633,0.75,9.293,Zircaloy-2 0.750,4.255344633840359,0.028007773170164788,12.629385554829204,31546289.23817468,14.989421723706851,1246.358346657751,1.0952792555060034,1.0123655778786858,57.49999999999999,True,24.266666666666666,30.466666666666665,,3.656489116662436,34.19929237403814,1850.0,24.266666666666666,30.466666666666665,True,True,-,1,1,1,1,1,1,1,1,1,1
98,Cr-coated Zr,11x11 (ATRIUM 11-style),7.905,0.615,9.295,Zircaloy-2 0.600 / Chromium 0.015,4.273052700621434,0.04571583995123957,12.630267984152084,31548493.412758704,10.212080344420382,1230.951104278512,1.0207802531844419,1.0119475228633283,57.49999999999999,True,32.63333333333333,50.2,47.06666666666667,0.3222980441098609,5.867965641818494,1850.0,32.63333333333333,50.2,True,True,-,1,1,1,1,1,1,1,1,1,1
99,Cr-coated Zr,10x10 (GNF2),8.9,0.715,10.51,Zircaloy-2 0.700 / Chromium 0.015,4.2714946904451665,0.04415782977497229,12.632053402202317,31552953.116200272,11.020310320558014,1408.4440061480277,0.9223196994851817,0.9520358129029479,57.49999999999999,True,31.566666666666666,45.666666666666664,42.333333333333336,0.3133882899141469,6.71488550741311,1850.0,31.566666666666666,45.666666666666664,True,True,-,1,1,1,1,1,1,1,1,1,1
100,Cr-coated Zr,11x11 (ATRIUM 11-style),7.815,0.615,9.205,Zircaloy-2 0.600 / Chromium 0.015,4.27471564131661,0.047378780646416124,12.637933196337201,31567639.94998444,10.536516536206086,1233.6605031944046,1.0637512458515694,1.0306709358332438,57.49999999999999,True,31.466666666666665,47.46666666666667,44.5,0.35800269925017775,6.011270834997104,1850.0,31.466666666666665,47.46666666666667,True,True,-,1,1,1,1,1,1,1,1,1,1
