design,cost_item,usd_per_kgU,usd_per_MWh_e
Today's rod,Uranium,2164.505543906162,5.2282742606429045
Today's rod,Conversion,478.83339645812526,1.1566024069036844
Today's rod,Enrichment,1153.4184687265958,2.786034948614966
Today's rod,Fabrication,343.7,0.8301932367149759
Today's rod,Cladding hardware,98.99221955294213,0.2391116414322274
Today's rod,Back-end,927.0,2.239130434782609
Zircaloy-2,Uranium,2151.0834210588673,5.195853674055236
Zircaloy-2,Conversion,475.86414526413205,1.1494303025703674
Zircaloy-2,Enrichment,1144.051146170134,2.7634085656283434
Zircaloy-2,Fabrication,343.7,0.8301932367149759
Zircaloy-2,Cladding hardware,70.05912219849385,0.16922493284660353
Zircaloy-2,Back-end,927.0,2.239130434782609
Cr-coated Zr,Uranium,2164.183532687254,5.227496455766314
Cr-coated Zr,Conversion,478.76216091609507,1.1564303403770413
Cr-coated Zr,Enrichment,1153.1936567313664,2.7854919244719
Cr-coated Zr,Fabrication,343.7,0.8301932367149759
Cr-coated Zr,Cladding hardware,66.73681607903612,0.1612000388382515
Cr-coated Zr,Back-end,927.0,2.239130434782609
FeCrAl,Uranium,2434.9623241096415,5.881551507511212
FeCrAl,Conversion,538.6640303063771,1.3011208461506694
FeCrAl,Enrichment,1343.523024187287,3.2452246961045588
FeCrAl,Fabrication,343.7,0.8301932367149759
FeCrAl,Cladding hardware,58.319132656214094,0.14086747018409204
FeCrAl,Back-end,927.0,2.239130434782609
Layered Zr/Mo/FeCrAl,Uranium,2450.642326330077,5.919425909009849
Layered Zr/Mo/FeCrAl,Conversion,542.1327711191784,1.309499447147774
Layered Zr/Mo/FeCrAl,Enrichment,1354.6176049624141,3.2720232003923053
Layered Zr/Mo/FeCrAl,Fabrication,343.7,0.8301932367149759
Layered Zr/Mo/FeCrAl,Cladding hardware,148.71080511035072,0.35920484326171676
Layered Zr/Mo/FeCrAl,Back-end,927.0,2.239130434782609
