family,layout,pellet_mm,wall_mm,od_mm,layers,enrichment_wt,enrich_penalty_wt,usd_per_MWh_e,annual_fuel_cost_usd,collapse_sf,centerline_C,moderation_ratio,flow_ratio,peak_rod_burnup,fast_ok,coping_min,melt_min,protection_lost_min,h2_at_response_kg,h2_end_kg,peak_T,coping_plot_min,melt_plot_min,safe_ok,feasible,failed_checks,pass_Enrichment <= 5 wt%,pass_Peak-rod burnup <= 62 GWd/t,pass_Fuel centre < 1800 C,pass_Collapse safety factor >= 2,pass_Moderation within +/-10%,pass_Flow area >= 95%,pass_Layers >= 0.01 mm,pass_H2 by response time <= limit,pass_No melting before response time,pass_Coping time >= minimum
Layered Zr/Mo/FeCrAl,10x10 (GNF2),8.3,0.35,9.18,Zircaloy-2 0.100 / Molybdenum 0.150 / FeCrAl 0.100,4.815918404750894,0.5885815440807004,14.125494240928568,35283341.77636321,2.6669993441465447,1401.519514640152,1.3299442211611712,1.1939369669600444,57.49999999999999,False,23.066666666666666,54.43333333333333,39.1,0.031893489871120284,0.874462321895444,1551.0,23.066666666666666,54.43333333333333,True,False,Moderation within +/-10%,1,1,1,1,0,1,1,1,1,1
Layered Zr/Mo/FeCrAl,10x10 (GNF2),8.35,0.35,9.229999999999999,Zircaloy-2 0.100 / Molybdenum 0.150 / FeCrAl 0.100,4.811618783383391,0.584281922713197,14.112071881212298,35249814.75796394,2.6221817929050917,1399.9846550927477,1.3047060748893995,1.1854341197336917,57.49999999999999,False,23.433333333333334,57.13333333333333,40.03333333333333,0.029867330716625253,0.8723537046081805,1551.0,23.433333333333334,57.13333333333333,True,False,Moderation within +/-10%,1,1,1,1,0,1,1,1,1,1
Layered Zr/Mo/FeCrAl,10x10 (GNF2),8.4,0.35,9.28,Zircaloy-2 0.100 / Molybdenum 0.150 / FeCrAl 0.100,4.807373541794636,0.5800366811244417,14.09881949126376,35216712.29826004,2.5783628240904926,1398.4674606174367,1.2799225767068763,1.1768850864822094,57.49999999999999,False,23.833333333333332,60.46666666666667,41.0,0.027970423232533088,0.8766050516374252,1551.0,23.833333333333332,60.46666666666667,True,False,Moderation within +/-10%,1,1,1,1,0,1,1,1,1,1
Layered Zr/Mo/FeCrAl,10x10 (GNF2),8.45,0.35,9.329999999999998,Zircaloy-2 0.100 / Molybdenum 0.150 / FeCrAl 0.100,4.803181658303733,0.5758447976335389,14.085733874019589,35184026.41147224,2.5355147800649953,1396.9676277636527,1.2555829349627292,1.1682898672055977,57.49999999999999,False,24.2,65.2,42.03333333333333,0.026194699774019243,0.8940385889273865,1551.0,24.2,65.2,True,False,Moderation within +/-10%,1,1,1,1,0,1,1,1,1,1
Layered Zr/Mo/FeCrAl,10x10 (GNF2),8.5,0.35,9.379999999999999,Zircaloy-2 0.100 / Molybdenum 0.150 / FeCrAl 0.100,4.799042136587637,0.5717052759174432,14.072811911852684,35151749.31024098,2.4936109173592587,1395.4848599963666,1.2316766755736104,1.1596484619038563,57.49999999999999,False,24.6,,43.1,0.024532567667294006,1.0736029348841771,1549.1962695497482,24.6,90.0,True,False,Moderation within +/-10%,1,1,1,1,0,1,1,1,1,1
Layered Zr/Mo/FeCrAl,10x10 (GNF2),8.55,0.35,9.43,Zircaloy-2 0.100 / Molybdenum 0.150 / FeCrAl 0.100,4.7949540049013795,0.567617144231185,14.060050564126982,35119873.399518624,2.4526253716136557,1394.0188675000709,1.2081936308879786,1.1509608705769852,57.49999999999999,False,25.0,,44.233333333333334,0.0229768841781857,1.0381461006305017,1541.6621788364,25.0,90.0,True,False,Moderation within +/-10%,1,1,1,1,0,1,1,1,1,1
Layered Zr/Mo/FeCrAl,10x10 (GNF2),8.6,0.35,9.479999999999999,Zircaloy-2 0.100 / Molybdenum 0.150 / FeCrAl 0.100,4.790916315326814,0.5635794546566198,14.047446864841767,35088391.27068533,2.412533124047739,1392.569366989393,1.1851239290029962,1.1422270932249845,57.49999999999999,False,25.4,,45.4,0.021520932603160507,1.0035216464203178,1534.221350307553,25.4,90.0,True,False,Moderation within +/-10%,1,1,1,1,0,1,1,1,1,1
Layered Zr/Mo/FeCrAl,10x10 (GNF2),8.65,0.35,9.53,Zircaloy-2 0.100 / Molybdenum 0.150 / FeCrAl 0.100,4.7869281430486925,0.5595912823784989,14.034997920361743,35057295.69587911,2.3733099693834157,1391.1360815260887,1.1624579835131506,1.1334471298478543,57.49999999999999,False,25.8,,46.666666666666664,0.0201583994317804,0.9695078329039147,1526.9004714556734,25.8,90.0,True,False,Moderation within +/-10%,1,1,1,1,0,1,1,1,1,1
Layered Zr/Mo/FeCrAl,10x10 (GNF2),8.7,0.35,9.579999999999998,Zircaloy-2 0.100 / Molybdenum 0.150 / FeCrAl 0.100,4.782988585656921,0.5556517249867267,14.022700907229304,35026579.62253117,2.334932485151264,1389.7187403421538,1.1401864836707876,1.124620980445595,57.49999999999999,False,26.233333333333334,,47.96666666666667,0.01888335253443846,0.9362303337583936,1519.6730500015676,26.233333333333334,90.0,True,False,Moderation within +/-10%,1,1,1,1,0,1,1,1,1,1
Layered Zr/Mo/FeCrAl,10x10 (GNF2),8.75,0.35,9.629999999999999,Zircaloy-2 0.100 / Molybdenum 0.150 / FeCrAl 0.100,4.779096762473868,0.5517599018036744,14.010553070055428,34996236.16809773,2.29737800231327,1388.3170786688252,1.1183003849397428,1.1157486450182057,57.49999999999999,False,26.666666666666668,,49.4,0.017690220333659402,0.903345588912113,1512.570075886702,26.666666666666668,90.0,True,False,Moderation within +/-10%,1,1,1,1,0,1,1,1,1,1
Layered Zr/Mo/FeCrAl,10x10 (GNF2),8.8,0.35,9.68,Zircaloy-2 0.100 / Molybdenum 0.150 / FeCrAl 0.100,4.775251813905741,0.547914953235547,13.998551719486052,34966258.61498031,2.2606245771388167,1386.9308375712399,1.096790899924254,1.1068301235656868,57.49999999999999,True,27.1,,50.9,0.016573771920847486,0.8709846250489637,1505.571947445456,27.1,90.0,True,True,-,1,1,1,1,1,1,1,1,1,1
Layered Zr/Mo/FeCrAl,10x10 (GNF2),8.85,0.35,9.729999999999999,Zircaloy-2 0.100 / Molybdenum 0.150 / FeCrAl 0.100,4.771452900816971,0.5441160401467775,13.98669423024072,34936640.40562659,2.2246509642740664,1385.5597637885362,1.0756494896561968,1.0978654160880386,57.49999999999999,True,27.533333333333335,,52.53333333333333,0.01552909808370018,0.8388663500916146,1498.6917128250032,27.533333333333335,90.0,True,True,-,1,1,1,1,1,1,1,1,1,1
Layered Zr/Mo/FeCrAl,10x10 (GNF2),8.9,0.35,9.78,Zircaloy-2 0.100 / Molybdenum 0.150 / FeCrAl 0.100,4.767699203926722,0.540362343256528,13.974978039220602,34907375.13780451,2.1894365909481106,1384.2036095791855,1.054867855224576,1.0888545225852604,57.49999999999999,True,28.0,,54.3,0.014551593211986395,0.8069012889434359,1491.9350030194928,28.0,90.0,True,True,-,1,1,1,1,1,1,1,1,1,1
Layered Zr/Mo/FeCrAl,10x10 (GNF2),8.95,0.35,9.829999999999998,Zircaloy-2 0.100 / Molybdenum 0.150 / FeCrAl 0.100,4.763989923226564,0.5366530625563701,13.963400643682979,34878456.56004243,2.1549615322621487,1382.8621325713648,1.0344379297320052,1.0797974430573531,57.49999999999999,True,28.433333333333334,,56.266666666666666,0.013636938051527898,0.7747381816389345,1485.315466479771,28.433333333333334,90.0,True,True,-,1,1,1,1,1,1,1,1,1,1
Layered Zr/Mo/FeCrAl,10x10 (GNF2),9.0,0.35,9.879999999999999,Zircaloy-2 0.100 / Molybdenum 0.150 / FeCrAl 0.100,4.7603242774184915,0.5329874167482972,13.9519595994795,34849878.56722854,2.1212064875108316,1381.5350956181655,1.0143518705636445,1.0706941775043162,57.49999999999999,True,28.9,,58.46666666666667,0.012781083277948196,0.7420960899555683,1478.8465486031666,28.9,90.0,True,True,-,1,1,1,1,1,1,1,1,1,1
Layered Zr/Mo/FeCrAl,10x10 (GNF2),9.05,0.35,9.93,Zircaloy-2 0.100 / Molybdenum 0.150 / FeCrAl 0.100,4.756701503372442,0.5293646427022478,13.940652519355707,34821635.19636337,2.0881527574875087,1380.222266657474,0.9946020519548298,1.0615447259261492,57.49999999999999,True,29.4,,60.96666666666667,0.011980233862806325,0.7084995068075333,1472.5387873152638,29.4,90.0,True,True,-,1,1,1,1,1,1,1,1,1,1
Layered Zr/Mo/FeCrAl,10x10 (GNF2),9.1,0.35,9.979999999999999,Zircaloy-2 0.100 / Molybdenum 0.150 / FeCrAl 0.100,4.753120855602545,0.5257839949323515,13.929477071309227,34793720.62245873,2.055782222727622,1378.9234185763296,0.9751810578442673,1.0523490883228532,57.49999999999999,True,29.866666666666667,,63.93333333333333,0.011230834205920212,0.6728915557640409,1466.4432733675483,29.866666666666667,90.0,True,True,-,1,1,1,1,1,1,1,1,1,1
Layered Zr/Mo/FeCrAl,10x10 (GNF2),9.15,0.35,10.03,Zircaloy-2 0.100 / Molybdenum 0.150 / FeCrAl 0.100,4.749581605761341,0.5222447450911466,13.91843097700447,34766129.154577956,2.0240773226468445,1377.6383290796143,0.9560816750003296,1.0431072646944275,57.49999999999999,True,30.366666666666667,,67.7,0.01052955400807698,0.6330369366329274,1460.6402908951666,30.366666666666667,90.0,True,True,-,1,1,1,1,1,1,1,1,1,1
Layered Zr/Mo/FeCrAl,10x10 (GNF2),9.2,0.35,10.079999999999998,Zircaloy-2 0.100 / Molybdenum 0.150 / FeCrAl 0.100,4.7460830421512625,0.5187461814810682,13.907512010241346,34738855.23201092,1.9930210355327795,1376.3667805628947,0.9372968864086064,1.0338192550408722,57.49999999999999,False,30.866666666666667,,73.23333333333333,0.009873274858957037,0.5820616804912722,1455.325274043859,30.866666666666667,90.0,True,False,Collapse safety factor >= 2,1,1,1,0,1,1,1,1,1,1
Layered Zr/Mo/FeCrAl,10x10 (GNF2),9.25,0.35,10.129999999999999,Zircaloy-2 0.100 / Molybdenum 0.150 / FeCrAl 0.100,4.74262446925269,0.5152876085824966,13.896717995476118,34711893.420579426,1.9625968593511416,1375.1085599892785,0.9188198649094144,1.0244850593621873,57.49999999999999,False,31.366666666666667,,,0.009259077515327875,0.43717118862357573,1450.2131086938487,31.366666666666667,90.0,True,False,Collapse safety factor >= 2,1,1,1,0,1,1,1,1,1,1
Layered Zr/Mo/FeCrAl,10x10 (GNF2),9.3,0.35,10.18,Zircaloy-2 0.100 / Molybdenum 0.150 / FeCrAl 0.100,4.739205207267959,0.5118683465977651,13.886046806392162,34685238.40906709,1.932788793329278,1373.863458770129,0.9006439670745421,1.0151046776583728,57.49999999999999,False,31.9,,,0.008684229844766926,0.4214605123279558,1443.2811422081936,31.9,90.0,True,False,Collapse safety factor >= 2,1,1,1,0,1,1,1,1,1,1
Layered Zr/Mo/FeCrAl,10x10 (GNF2),9.35,0.35,10.229999999999999,Zircaloy-2 0.100 / Molybdenum 0.150 / FeCrAl 0.100,4.735824591680629,0.5084877310104352,13.875496364518733,34658885.00576929,1.903581320281841,1372.6312726495012,0.8827627273129977,1.0056781099294287,57.49999999999999,False,32.43333333333333,,,0.008146175410319619,0.4062928934671127,1436.433692720048,32.43333333333333,90.0,True,False,"Collapse safety factor >= 2, Moderation within +/-10%",1,1,1,0,0,1,1,1,1,1
Layered Zr/Mo/FeCrAl,10x10 (GNF2),9.4,0.35,10.28,Zircaloy-2 0.100 / Molybdenum 0.150 / FeCrAl 0.100,4.732481972829509,0.5051451121593152,13.86506463789593,34632828.135158464,1.8749593896450785,1371.4118015921645,0.8651698521960383,0.9962053561753552,57.49999999999999,False,32.96666666666667,,,0.00764252267160757,0.39165045070192556,1429.6665101625103,32.96666666666667,90.0,True,False,"Collapse safety factor >= 2, Moderation within +/-10%",1,1,1,0,0,1,1,1,1,1
Layered Zr/Mo/FeCrAl,10x10 (GNF2),9.45,0.35,10.329999999999998,Zircaloy-2 0.100 / Molybdenum 0.150 / FeCrAl 0.100,4.729176715496804,0.5018398548266094,13.85474963978396,34607062.83465997,1.846908401187988,1370.2048496750817,0.8478592149922047,0.9866864163961521,57.49999999999999,False,33.53333333333333,,,0.007171034778061422,0.37751586688760297,1422.9785772512903,33.53333333333333,90.0,True,False,"Collapse safety factor >= 2, Moderation within +/-10%",1,1,1,0,0,1,1,1,1,1
Layered Zr/Mo/FeCrAl,10x10 (GNF2),9.5,0.35,10.379999999999999,Zircaloy-2 0.100 / Molybdenum 0.150 / FeCrAl 0.100,4.725908198509833,0.4985713378396393,13.844549427415066,34581584.251534685,1.8194141893700744,1369.0102249822214,0.8308248504035324,0.9771212905918193,57.49999999999999,False,34.1,,,0.006729619930046994,0.3638723716730374,1416.373192364185,34.1,90.0,True,False,"Collapse safety factor >= 2, Moderation within +/-10%",1,1,1,0,0,1,1,1,1,1
Layered Zr/Mo/FeCrAl,10x10 (GNF2),9.55,0.35,10.43,Zircaloy-2 0.100 / Molybdenum 0.150 / FeCrAl 0.100,4.722675814355895,0.4953389536857009,13.834462100786565,34556387.63986415,1.7924630083169943,1367.8277395025837,0.8140609494945229,0.967509978762357,57.49999999999999,False,34.666666666666664,,,0.00631632228386883,0.3507037246300519,1409.8435669305868,34.666666666666664,90.0,True,False,"Collapse safety factor >= 2, Moderation within +/-10%",1,1,1,0,0,1,1,1,1,1
Layered Zr/Mo/FeCrAl,10x10 (GNF2),9.6,0.35,10.479999999999999,Zircaloy-2 0.100 / Molybdenum 0.150 / FeCrAl 0.100,4.71947896880964,0.49214210813944587,13.824485801493191,34531468.3576339,1.7660415173867587,1366.6572090313266,0.7975618548058564,0.9578524809077654,57.49999999999999,False,35.266666666666666,,,0.005929313376933769,0.3379941988964197,1403.3883379548427,35.266666666666666,90.0,True,False,"Collapse safety factor >= 2, Moderation within +/-10%",1,1,1,0,0,1,1,1,1,1
Layered Zr/Mo/FeCrAl,10x10 (GNF2),9.65,0.35,10.53,Zircaloy-2 0.100 / Molybdenum 0.150 / FeCrAl 0.100,4.716317080572589,0.48898021990239443,13.814618711597534,34506821.86391208,1.7401367673004966,1365.498453073882,0.78132205564519,0.9481487970280439,57.49999999999999,False,35.86666666666667,,,0.005566884049583131,0.32572856531751665,1397.0099955609196,35.86666666666667,90.0,True,False,"Collapse safety factor >= 2, Moderation within +/-10%, Flow area >= 95%",1,1,1,0,0,0,1,1,1,1
Layered Zr/Mo/FeCrAl,10x10 (GNF2),9.7,0.35,10.579999999999998,Zircaloy-2 0.100 / Molybdenum 0.150 / FeCrAl 0.100,4.713189580924295,0.4858527202541013,13.804859052536951,34482443.71611903,1.7147361868130908,1364.3512947529591,0.76533618354776,0.9383989271231931,57.49999999999999,False,36.5,,,0.005227436840502671,0.31389207707211164,1390.7049915491125,36.5,90.0,True,False,"Collapse safety factor >= 2, Moderation within +/-10%, Flow area >= 95%",1,1,1,0,0,0,1,1,1,1
Layered Zr/Mo/FeCrAl,10x10 (GNF2),9.75,0.35,10.629999999999999,Zircaloy-2 0.100 / Molybdenum 0.150 / FeCrAl 0.100,4.710095913384722,0.4827590527145284,13.795205084065692,34458329.56738484,1.6898275699001049,1363.2155607183304,0.749599007899816,0.9286028711932125,57.49999999999999,False,37.13333333333333,,,0.00490947883306007,0.30247045476848783,1384.4703309742285,37.13333333333333,90.0,True,False,"Collapse safety factor >= 2, Moderation within +/-10%, Flow area >= 95%",1,1,1,0,0,0,1,1,1,1
Layered Zr/Mo/FeCrAl,10x10 (GNF2),9.8,0.35,10.68,Zircaloy-2 0.100 / Molybdenum 0.150 / FeCrAl 0.100,4.707035533387387,0.47969867271719285,13.785655103230793,34434475.16399136,1.665399063438679,1362.0910810593055,0.7341054317182608,0.9187606292381022,57.49999999999999,False,37.766666666666666,,,0.0046116149304661486,0.2914498719975946,1378.3067883093065,37.766666666666666,90.0,True,False,"Collapse safety factor >= 2, Moderation within +/-10%, Flow area >= 95%",1,1,1,0,0,0,1,1,1,1
Layered Zr/Mo/FeCrAl,10x10 (GNF2),9.85,0.35,10.729999999999999,Zircaloy-2 0.100 / Molybdenum 0.150 / FeCrAl 0.100,4.704007907962959,0.4766710472927647,13.776207443380708,34410876.34289584,1.6414391553610113,1360.9776892198026,0.7188504875801527,0.9088722012578626,57.49999999999999,False,38.43333333333333,,,0.004332541538027921,0.2808169413301168,1372.2144398462628,38.43333333333333,90.0,True,False,"Collapse safety factor >= 2, Moderation within +/-10%, Flow area >= 95%",1,1,1,0,0,0,1,1,1,1
Layered Zr/Mo/FeCrAl,10x10 (GNF2),9.9,0.35,10.78,Zircaloy-2 0.100 / Molybdenum 0.150 / FeCrAl 0.100,4.701012515432807,0.47367565476261286,13.766860473205188,34387529.02933277,1.6179366632601604,1359.8752219159214,0.7038293336960201,0.8989375872524935,57.49999999999999,False,39.1,,,0.004071040631546088,0.2705587007446734,1366.1886847071091,39.1,90.0,True,False,"Collapse safety factor >= 2, Moderation within +/-10%, Flow area >= 95%",1,1,1,0,0,0,1,1,1,1
