mo_mm,fecral_mm,inner_zr_mm,family,layout,pellet_mm,wall_mm,od_mm,layers,enrichment_wt,enrich_penalty_wt,usd_per_MWh_e,annual_fuel_cost_usd,collapse_sf,centerline_C,moderation_ratio,flow_ratio,peak_rod_burnup,fast_ok,coping_min,melt_min,protection_lost_min,h2_at_response_kg,h2_end_kg,peak_T,coping_plot_min,melt_plot_min,safe_ok,feasible,failed_checks,pass_Enrichment <= 5 wt%,pass_Peak-rod burnup <= 62 GWd/t,pass_Fuel centre < 1800 C,pass_Collapse safety factor >= 2,pass_Moderation within +/-10%,pass_Flow area >= 95%,pass_Layers >= 0.01 mm,pass_H2 by response time <= limit,pass_No melting before response time,pass_Coping time >= minimum
0.1,0.02,0.1,Layered Zr/Mo/FeCrAl,10x10 (GNF2),9.1,0.22,9.719999999999999,Zircaloy-2 0.100 / Molybdenum 0.100 / FeCrAl 0.020,4.465009348829439,0.23767248815924508,13.068943248946775,32644237.677178174,0.5094119573266526,1372.6104493154603,1.0190245950643955,1.0996620524655785,57.49999999999999,False,27.366666666666667,,51.96666666666667,0.01596857012685672,0.8490337063313134,1500.4878634885058,27.366666666666667,90.0,True,False,Collapse safety factor >= 2,1,1,1,0,1,1,1,1,1,1
0.1,0.04,0.1,Layered Zr/Mo/FeCrAl,10x10 (GNF2),9.1,0.24000000000000002,9.76,Zircaloy-2 0.100 / Molybdenum 0.100 / FeCrAl 0.040,4.501544982439849,0.27420812176965426,13.17021580741079,32897201.165174168,0.6286204467324031,1374.2108205675315,1.0123547621471902,1.0924644223093871,57.49999999999999,False,27.766666666666666,,53.46666666666667,0.015023755131307213,0.821221514712008,1494.7862388007477,27.766666666666666,90.0,True,False,Collapse safety factor >= 2,1,1,1,0,1,1,1,1,1,1
0.1,0.06,0.1,Layered Zr/Mo/FeCrAl,10x10 (GNF2),9.1,0.26,9.799999999999999,Zircaloy-2 0.100 / Molybdenum 0.100 / FeCrAl 0.060,4.538230659720115,0.310893799049921,13.2719363946112,33151283.760987714,0.7841328952250196,1375.8052296508445,1.0056575377190318,1.0852372330971132,57.49999999999999,False,28.2,,55.1,0.014136371627947049,0.7933694997412254,1489.1815994520232,28.2,90.0,True,False,Collapse safety factor >= 2,1,1,1,0,1,1,1,1,1,1
0.1,0.08,0.1,Layered Zr/Mo/FeCrAl,10x10 (GNF2),9.1,0.28,9.84,Zircaloy-2 0.100 / Molybdenum 0.100 / FeCrAl 0.080,4.575066380670242,0.3477295200000474,13.374104908499755,33406485.209717765,0.979008781943658,1377.393720404344,0.9989329217799197,1.077980484828756,57.49999999999999,False,28.6,,56.9,0.013302898302298225,0.7652648912538841,1483.686492611803,28.6,90.0,True,False,Collapse safety factor >= 2,1,1,1,0,1,1,1,1,1,1
0.1,0.1,0.1,Layered Zr/Mo/FeCrAl,10x10 (GNF2),9.1,0.30000000000000004,9.879999999999999,Zircaloy-2 0.100 / Molybdenum 0.100 / FeCrAl 0.100,4.612052145290225,0.3847152846200303,13.476721248355837,33662805.259779505,1.216074816926231,1378.976336190803,0.992180914329854,1.0706941775043162,57.49999999999999,False,29.033333333333335,,58.833333333333336,0.012520026192520307,0.7369409010883777,1478.2779270126855,29.033333333333335,90.0,True,False,Collapse safety factor >= 2,1,1,1,0,1,1,1,1,1,1
0.1,0.12,0.1,Layered Zr/Mo/FeCrAl,10x10 (GNF2),9.1,0.32,9.92,Zircaloy-2 0.100 / Molybdenum 0.100 / FeCrAl 0.120,4.649187953580065,0.42185109290987083,13.579785314765715,33920243.662852496,1.4979757112983751,1380.5531199035952,0.9854015153688342,1.0633783111237927,57.49999999999999,False,29.5,,61.03333333333333,0.011784646573599518,0.707715174771487,1473.0055056839187,29.5,90.0,True,False,Collapse safety factor >= 2,1,1,1,0,1,1,1,1,1,1
0.1,0.14,0.1,Layered Zr/Mo/FeCrAl,10x10 (GNF2),9.1,0.34,9.959999999999999,Zircaloy-2 0.100 / Molybdenum 0.100 / FeCrAl 0.140,4.686473805539764,0.45913694486957,13.683297009602235,34178800.17383002,1.8272083528907497,1382.1241139733484,0.9785947248968613,1.0560328856871872,57.49999999999999,False,29.933333333333334,,63.53333333333333,0.011093839453944033,0.6772260210054031,1467.869993827039,29.933333333333334,90.0,True,False,Collapse safety factor >= 2,1,1,1,0,1,1,1,1,1,1
0.1,0.16,0.1,Layered Zr/Mo/FeCrAl,10x10 (GNF2),9.1,0.36,10.0,Zircaloy-2 0.100 / Molybdenum 0.100 / FeCrAl 0.160,4.723909701169321,0.4965728404991266,13.787256236004886,34438474.5507692,2.206145530994501,1383.6893603744857,0.9717605429139347,1.048657901194498,57.49999999999999,True,30.366666666666667,,66.5,0.01044486266002678,0.6443597718608862,1462.910656579666,30.366666666666667,90.0,True,True,-,1,1,1,1,1,1,1,1,1,1
0.15,0.02,0.1,Layered Zr/Mo/FeCrAl,10x10 (GNF2),9.1,0.27,9.82,Zircaloy-2 0.100 / Molybdenum 0.150 / FeCrAl 0.020,4.604577622443182,0.377240761772988,13.517061178335677,33763568.28530176,1.0195061938826233,1372.6161776471604,1.002298653688345,1.0816125538449446,57.49999999999999,False,28.133333333333333,,55.233333333333334,0.01431951336461571,0.7902323647230086,1487.6227347688039,28.133333333333333,90.0,True,False,Collapse safety factor >= 2,1,1,1,0,1,1,1,1,1,1
0.15,0.04,0.1,Layered Zr/Mo/FeCrAl,10x10 (GNF2),9.1,0.29,9.86,Zircaloy-2 0.100 / Molybdenum 0.150 / FeCrAl 0.040,4.641488365228236,0.41415150455804184,13.619494257096651,34019430.57694863,1.2064846351014773,1374.201725526288,0.995560341993756,1.0743410260485464,57.49999999999999,False,28.566666666666666,,57.06666666666667,0.013473214788105668,0.7620167763553145,1482.149635753407,28.566666666666666,90.0,True,False,Collapse safety factor >= 2,1,1,1,0,1,1,1,1,1,1
0.15,0.06,0.1,Layered Zr/Mo/FeCrAl,10x10 (GNF2),9.1,0.31,9.899999999999999,Zircaloy-2 0.100 / Molybdenum 0.150 / FeCrAl 0.060,4.678549151683148,0.45121229101295385,13.722374659818927,34276410.21599178,1.439510672075778,1375.7814199433178,0.9887946387882135,1.067039939196065,57.49999999999999,False,29.0,,59.06666666666667,0.012678417376863815,0.7334250106049269,1476.777543149213,29.0,90.0,True,False,Collapse safety factor >= 2,1,1,1,0,1,1,1,1,1,1
0.15,0.08,0.1,Layered Zr/Mo/FeCrAl,10x10 (GNF2),9.1,0.33,9.94,Zircaloy-2 0.100 / Molybdenum 0.150 / FeCrAl 0.080,4.715759981807918,0.4884231211377239,13.825702294757843,34534506.973266974,1.7216664019985273,1377.3553035594268,0.9820015440717172,1.0597092932875005,57.49999999999999,False,29.433333333333334,,61.333333333333336,0.011931949936250337,0.7038926947794792,1471.5353098294506,29.433333333333334,90.0,True,False,Collapse safety factor >= 2,1,1,1,0,1,1,1,1,1,1
0.15,0.1,0.1,Layered Zr/Mo/FeCrAl,10x10 (GNF2),9.1,0.35,9.979999999999999,Zircaloy-2 0.100 / Molybdenum 0.150 / FeCrAl 0.100,4.753120855602545,0.5257839949323515,13.929477071309227,34793720.62245873,2.055782222727622,1378.9234185763296,0.9751810578442673,1.0523490883228532,57.49999999999999,True,29.866666666666667,,63.93333333333333,0.011230834205920212,0.6728915557640409,1466.4432733675483,29.866666666666667,90.0,True,True,-,1,1,1,1,1,1,1,1,1,1
0.15,0.12,0.1,Layered Zr/Mo/FeCrAl,10x10 (GNF2),9.1,0.37,10.02,Zircaloy-2 0.100 / Molybdenum 0.150 / FeCrAl 0.120,4.790631773067032,0.5632949123968377,14.033698899992853,35054050.94005901,2.44448299961225,1380.4858067427635,0.9683331801058638,1.044959324302123,57.49999999999999,True,30.333333333333332,,67.1,0.01057227367974902,0.6389079643706052,1461.5566296316433,30.333333333333332,90.0,True,True,-,1,1,1,1,1,1,1,1,1,1
0.15,0.14,0.1,Layered Zr/Mo/FeCrAl,10x10 (GNF2),9.1,0.39,10.059999999999999,Zircaloy-2 0.100 / Molybdenum 0.150 / FeCrAl 0.140,4.8282927342013755,0.6009558735311815,14.138367692436077,35315497.70532638,2.890222130313061,1382.042509360857,0.9614579108565069,1.0375400012253098,57.49999999999999,True,30.8,,71.26666666666667,0.00995364300491122,0.5988012385361433,1456.9629940347033,30.8,90.0,True,True,-,1,1,1,1,1,1,1,1,1,1
0.15,0.16,0.1,Layered Zr/Mo/FeCrAl,10x10 (GNF2),9.1,0.41000000000000003,10.1,Zircaloy-2 0.100 / Molybdenum 0.150 / FeCrAl 0.160,4.8661037390055775,0.6387668783353836,14.243483361357889,35578060.70024608,3.3953071373991537,1383.593567292391,0.9545552500961961,1.0300911190924136,57.49999999999999,True,31.266666666666666,,79.3,0.009372477936321864,0.5315236192312089,1453.1336798418286,31.266666666666666,90.0,True,True,-,1,1,1,1,1,1,1,1,1,1
0.2,0.02,0.1,Layered Zr/Mo/FeCrAl,10x10 (GNF2),9.1,0.32000000000000006,9.92,Zircaloy-2 0.100 / Molybdenum 0.200 / FeCrAl 0.020,4.7455764527315285,0.5182395920613343,13.97022719963643,34895508.26122561,1.829366936521751,1372.625581048785,0.9854015153688342,1.0633783111237927,57.49999999999999,False,28.933333333333334,,59.3,0.012843646163240954,0.7299513174345899,1475.2970542819858,28.933333333333334,90.0,True,False,Collapse safety factor >= 2,1,1,1,0,1,1,1,1,1,1
0.2,0.04,0.1,Layered Zr/Mo/FeCrAl,10x10 (GNF2),9.1,0.34,9.959999999999999,Zircaloy-2 0.100 / Molybdenum 0.200 / FeCrAl 0.040,4.7828623046912275,0.5555254440210334,14.073817576749446,35154261.30859372,2.099762461908188,1374.1965751185382,0.9785947248968613,1.0560328856871872,57.49999999999999,True,29.366666666666667,,61.63333333333333,0.012085624499256062,0.7001060220679648,1470.0891403671608,29.366666666666667,90.0,True,True,-,1,1,1,1,1,1,1,1,1,1
0.2,0.06,0.1,Layered Zr/Mo/FeCrAl,10x10 (GNF2),9.1,0.36000000000000004,10.0,Zircaloy-2 0.100 / Molybdenum 0.200 / FeCrAl 0.060,4.820298200320784,0.5929613396505901,14.1778546259838,35414130.07516077,2.425388378533884,1375.7618215196756,0.9717605429139347,1.048657901194498,57.49999999999999,True,29.8,,64.36666666666666,0.011373766032343446,0.6684196854010508,1465.046950339456,29.8,90.0,True,True,-,1,1,1,1,1,1,1,1,1,1
0.2,0.08,0.1,Layered Zr/Mo/FeCrAl,10x10 (GNF2),9.1,0.38000000000000006,10.04,Zircaloy-2 0.100 / Molybdenum 0.200 / FeCrAl 0.080,4.857884139620198,0.6305472789500048,14.282338264835328,35675114.35484387,2.809260707146246,1377.3213617768401,0.9648989694200546,1.0412533576457268,57.49999999999999,True,30.266666666666666,,67.7,0.010705217703657635,0.6334546344988506,1460.2172509372626,30.266666666666666,90.0,True,True,-,1,1,1,1,1,1,1,1,1,1
0.2,0.1,0.1,Layered Zr/Mo/FeCrAl,10x10 (GNF2),9.1,0.4,10.08,Zircaloy-2 0.100 / Molybdenum 0.200 / FeCrAl 0.100,4.895620122589472,0.6682832619192777,14.387268411778802,35937213.94400538,3.2541495601838384,1378.8752369712115,0.9580100044152204,1.0338192550408718,57.49999999999999,True,30.733333333333334,,72.36666666666666,0.010077301441467429,0.5901746319721994,1455.7547845691024,30.733333333333334,90.0,True,True,-,1,1,1,1,1,1,1,1,1,1
0.2,0.12,0.1,Layered Zr/Mo/FeCrAl,10x10 (GNF2),9.1,0.42000000000000004,10.12,Zircaloy-2 0.100 / Molybdenum 0.200 / FeCrAl 0.120,4.933506149228601,0.7061692885584077,14.49264498625476,36200428.64141997,3.762617395854736,1380.423487746711,0.9510936478994334,1.0263555933799346,57.49999999999999,True,31.2,,,0.009487503870858732,0.44189414152977075,1451.9615629207085,31.2,90.0,True,True,-,1,1,1,1,1,1,1,1,1,1
0.2,0.14,0.1,Layered Zr/Mo/FeCrAl,10x10 (GNF2),9.1,0.44000000000000006,10.16,Zircaloy-2 0.100 / Molybdenum 0.200 / FeCrAl 0.140,4.971542219537591,0.7442053588673968,14.59846790865655,36464758.24824232,4.33704892310535,1381.9661543161042,0.944149899872692,1.018862372662914,57.49999999999999,True,31.666666666666668,,,0.008933466569718001,0.4280207644589148,1446.1256332739622,31.666666666666668,90.0,True,True,-,1,1,1,1,1,1,1,1,1,1
0.2,0.16,0.1,Layered Zr/Mo/FeCrAl,10x10 (GNF2),9.1,0.4600000000000001,10.2,Zircaloy-2 0.100 / Molybdenum 0.200 / FeCrAl 0.160,5.009728333516437,0.782391472846243,14.704737100317557,36730202.567975126,4.979674761247398,1383.5032764669959,0.9371787603349975,1.0113395928898106,57.49999999999999,False,32.166666666666664,,,0.008412976847909457,0.41456392762792277,1440.3495892611863,32.166666666666664,90.0,True,False,Enrichment <= 5 wt%,0,1,1,1,1,1,1,1,1,1
0.25,0.02,0.1,Layered Zr/Mo/FeCrAl,10x10 (GNF2),9.1,0.37,10.02,Zircaloy-2 0.100 / Molybdenum 0.250 / FeCrAl 0.020,4.888005839694484,0.6606689790242901,14.428429387855786,36040027.81812561,3.0098389878154457,1372.638511643926,0.9683331801058638,1.044959324302123,57.49999999999999,True,29.766666666666666,,64.8,0.011522819398696883,0.6639682480397878,1463.6727890664379,29.766666666666666,90.0,True,True,-,1,1,1,1,1,1,1,1,1,1
0.25,0.04,0.1,Layered Zr/Mo/FeCrAl,10x10 (GNF2),9.1,0.38999999999999996,10.059999999999999,Zircaloy-2 0.100 / Molybdenum 0.250 / FeCrAl 0.040,4.925666800828828,0.698329940158634,14.533174063810005,36301664.1288919,3.3778349790856668,1374.1952142620194,0.9614579108565069,1.0375400012253098,57.49999999999999,True,30.2,,68.4,0.010843865371240154,0.6274605073847219,1458.9265047722272,30.2,90.0,True,True,-,1,1,1,1,1,1,1,1,1,1
0.25,0.06,0.1,Layered Zr/Mo/FeCrAl,10x10 (GNF2),9.1,0.41,10.1,Zircaloy-2 0.100 / Molybdenum 0.250 / FeCrAl 0.060,4.96347780563303,0.7361409449628358,14.638364808081352,36564414.65064582,3.809746018464595,1375.7462721935535,0.9545552500961961,1.0300911190924136,57.49999999999999,True,30.666666666666668,,73.76666666666667,0.010206274634573397,0.5796011779894119,1454.6328121289566,30.666666666666668,90.0,True,True,-,1,1,1,1,1,1,1,1,1,1
0.25,0.08,0.1,Layered Zr/Mo/FeCrAl,10x10 (GNF2),9.1,0.43,10.139999999999999,Zircaloy-2 0.100 / Molybdenum 0.250 / FeCrAl 0.080,5.00143885410709,0.7741019934368959,14.744001546469887,36828279.19804717,4.308476391002821,1377.2917258661162,0.9476251978249319,1.0226126779034348,57.49999999999999,False,31.133333333333333,,,0.009607482675785524,0.44045638689725247,1450.3282908593976,31.133333333333333,90.0,True,False,Enrichment <= 5 wt%,0,1,1,1,1,1,1,1,1,1
0.25,0.1,0.1,Layered Zr/Mo/FeCrAl,10x10 (GNF2),9.1,0.44999999999999996,10.18,Zircaloy-2 0.100 / Molybdenum 0.250 / FeCrAl 0.100,5.0395499462510065,0.8122130855808128,14.850084205614806,37093257.587851785,4.876697645491329,1378.831615279149,0.940667754042714,1.0151046776583728,57.49999999999999,False,31.633333333333333,,,0.009045083427884373,0.4266231662237434,1444.5043946560256,31.633333333333333,90.0,True,False,Enrichment <= 5 wt%,0,1,1,1,1,1,1,1,1,1
0.25,0.12,0.1,Layered Zr/Mo/FeCrAl,10x10 (GNF2),9.1,0.47,10.219999999999999,Zircaloy-2 0.100 / Molybdenum 0.250 / FeCrAl 0.120,5.077811082064782,0.8504742213945881,14.956612712984132,37359349.63888579,5.5168799646693,1380.3659800098937,0.9336829187495426,1.007567118357228,57.49999999999999,False,32.1,,,0.008516819822972107,0.41320539394206707,1438.740318689189,32.1,90.0,True,False,Enrichment <= 5 wt%,0,1,1,1,1,1,1,1,1,1
0.25,0.14,0.1,Layered Zr/Mo/FeCrAl,10x10 (GNF2),9.1,0.49,10.26,Zircaloy-2 0.100 / Molybdenum 0.250 / FeCrAl 0.140,5.116222261548416,0.8888854008782225,15.06358699686448,37626555.17202004,6.231317677677364,1381.8948592192344,0.9266706919454173,1.0,57.49999999999999,False,32.6,,,0.008020574859209801,0.40019128347666494,1433.0350393533677,32.6,90.0,True,False,Enrichment <= 5 wt%,0,1,1,1,1,1,1,1,1,1
0.25,0.16,0.1,Layered Zr/Mo/FeCrAl,10x10 (GNF2),9.1,0.51,10.299999999999999,Zircaloy-2 0.100 / Molybdenum 0.250 / FeCrAl 0.160,5.154783484701908,0.9274466240317137,15.17100698635103,37894874.01014504,7.022150186867851,1383.4182916574437,0.9196310736303388,0.9924033225866897,57.49999999999999,False,33.1,,,0.007554363158853907,0.3875693649093594,1427.3875590792152,33.1,90.0,True,False,Enrichment <= 5 wt%,0,1,1,1,1,1,1,1,1,1
0.3,0.02,0.1,Layered Zr/Mo/FeCrAl,10x10 (GNF2),9.1,0.42000000000000004,10.12,Zircaloy-2 0.100 / Molybdenum 0.300 / FeCrAl 0.020,5.031865783332041,0.8045289226618466,14.891656634898991,37197099.20966616,4.626815238758726,1372.6548281494279,0.9510936478994334,1.0263555933799346,57.49999999999999,False,30.6,,75.73333333333333,0.010340728488276186,0.5651905500909321,1453.6296958645764,30.6,90.0,True,False,Enrichment <= 5 wt%,0,1,1,1,1,1,1,1,1,1
0.3,0.04,0.1,Layered Zr/Mo/FeCrAl,10x10 (GNF2),9.1,0.44,10.16,Zircaloy-2 0.100 / Molybdenum 0.300 / FeCrAl 0.040,5.06990185364103,0.8425649929708355,14.997552812879842,37461611.79781213,5.10534738968053,1374.1974947188214,0.944149899872692,1.018862372662914,57.49999999999999,False,31.066666666666666,,,0.009732567813792134,0.43906173690245354,1448.7163970268075,31.066666666666666,90.0,True,False,Enrichment <= 5 wt%,0,1,1,1,1,1,1,1,1,1
0.3,0.06,0.1,Layered Zr/Mo/FeCrAl,10x10 (GNF2),9.1,0.46,10.2,Zircaloy-2 0.100 / Molybdenum 0.300 / FeCrAl 0.060,5.108087967619876,0.8807511069496818,15.103894499058852,37727237.1978535,5.656013109236851,1375.734616869713,0.9371787603349975,1.0113395928898106,57.49999999999999,False,31.566666666666666,,,0.009161458345760216,0.42526754349730206,1442.9002454386198,31.566666666666666,90.0,True,False,Enrichment <= 5 wt%,0,1,1,1,1,1,1,1,1,1
0.3,0.08,0.1,Layered Zr/Mo/FeCrAl,10x10 (GNF2),9.1,0.48000000000000004,10.24,Zircaloy-2 0.100 / Molybdenum 0.300 / FeCrAl 0.080,5.14642412526858,0.9190872645983861,15.210681626713521,37993975.2431276,6.281581378023444,1377.2662339704418,0.9301802292863491,1.0037872540606243,57.49999999999999,False,32.03333333333333,,,0.00862509682446873,0.4118877310814652,1437.1470530454665,32.03333333333333,90.0,True,False,Enrichment <= 5 wt%,0,1,1,1,1,1,1,1,1,1
0.3,0.1,0.1,Layered Zr/Mo/FeCrAl,10x10 (GNF2),9.1,0.5,10.28,Zircaloy-2 0.100 / Molybdenum 0.300 / FeCrAl 0.100,5.184910326587142,0.9575734659169481,15.317914129839323,38261825.76876513,6.984603292073368,1378.7923849758745,0.9231543067267473,0.9962053561753552,57.49999999999999,False,32.53333333333333,,,0.008121323233682844,0.3989105431436562,1431.4533892651455,32.53333333333333,90.0,True,False,Enrichment <= 5 wt%,0,1,1,1,1,1,1,1,1,1
0.3,0.12,0.1,Layered Zr/Mo/FeCrAl,10x10 (GNF2),9.1,0.52,10.32,Zircaloy-2 0.100 / Molybdenum 0.300 / FeCrAl 0.120,5.223546571575563,0.9962097109053688,15.425591943141727,38530788.611670256,7.767438012675222,1380.3131084331008,0.9161009926561914,0.9885938992340029,57.49999999999999,False,33.03333333333333,,,0.007648112150534995,0.3863245389085434,1425.817462412965,33.03333333333333,90.0,True,False,Enrichment <= 5 wt%,0,1,1,1,1,1,1,1,1,1
0.3,0.14,0.1,Layered Zr/Mo/FeCrAl,10x10 (GNF2),9.1,0.54,10.36,Zircaloy-2 0.100 / Molybdenum 0.300 / FeCrAl 0.140,5.262332860233841,1.034995999563647,15.533715002028286,38800863.61050084,8.632274484912255,1381.8284424870358,0.9090202870746826,0.980952883236568,57.49999999999999,False,33.56666666666667,,,0.007203564576788421,0.37411858515847385,1420.2382982035192,33.56666666666667,90.0,True,False,Enrichment <= 5 wt%,0,1,1,1,1,1,1,1,1,1
0.3,0.16,0.1,Layered Zr/Mo/FeCrAl,10x10 (GNF2),9.1,0.56,10.399999999999999,Zircaloy-2 0.100 / Molybdenum 0.300 / FeCrAl 0.160,5.3012691925619775,1.0739323318917837,15.642283242600842,39072050.605648994,9.581149732045207,1383.3384248859218,0.9019121899822199,0.9732823081830501,57.49999999999999,False,34.06666666666667,,,0.006785900229464901,0.362281848264278,1414.7149467811048,34.06666666666667,90.0,True,False,Enrichment <= 5 wt%,0,1,1,1,1,1,1,1,1,1
0.35,0.02,0.1,Layered Zr/Mo/FeCrAl,10x10 (GNF2),9.1,0.47,10.219999999999999,Zircaloy-2 0.100 / Molybdenum 0.350 / FeCrAl 0.020,5.177156283644205,0.9498194229740107,15.359898577667218,38366696.55039848,6.74169625741557,1372.6743955308393,0.9336829187495426,1.007567118357228,57.49999999999999,False,31.5,,,0.009282740486841768,0.42395315601330347,1441.3172943476848,31.5,90.0,True,False,Enrichment <= 5 wt%,0,1,1,1,1,1,1,1,1,1
0.35,0.04,0.1,Layered Zr/Mo/FeCrAl,10x10 (GNF2),9.1,0.48999999999999994,10.26,Zircaloy-2 0.100 / Molybdenum 0.350 / FeCrAl 0.040,5.2155674631278375,0.9882306024576438,15.466943645967742,38634078.89227632,7.342566917484376,1374.20327474018,0.9266706919454173,1.0,57.49999999999999,False,32.0,,,0.008737945827379422,0.4106102228086162,1435.572325907267,32.0,90.0,True,False,Enrichment <= 5 wt%,0,1,1,1,1,1,1,1,1,1
0.35,0.06,0.1,Layered Zr/Mo/FeCrAl,10x10 (GNF2),9.1,0.51,10.299999999999999,Zircaloy-2 0.100 / Molybdenum 0.350 / FeCrAl 0.060,5.254128686281329,1.0267918256111352,15.574433702159249,38902572.74640118,8.023348334995198,1375.7267071783895,0.9196310736303388,0.9924033225866897,57.49999999999999,False,32.5,,,0.008226331772496352,0.3976689000865918,1429.887512677306,32.5,90.0,True,False,Enrichment <= 5 wt%,0,1,1,1,1,1,1,1,1,1
0.35,0.08,0.1,Layered Zr/Mo/FeCrAl,10x10 (GNF2),9.1,0.5299999999999999,10.34,Zircaloy-2 0.100 / Molybdenum 0.350 / FeCrAl 0.080,5.292839953104679,1.0655030924344848,15.682368686264775,39172177.96295969,8.786662389218634,1377.2447311907754,0.9125640638043062,0.9847770861172959,57.49999999999999,False,33.0,,,0.007745831217443604,0.3851177759198626,1424.2628597190626,33.0,90.0,True,False,Enrichment <= 5 wt%,0,1,1,1,1,1,1,1,1,1
0.35,0.1,0.1,Layered Zr/Mo/FeCrAl,10x10 (GNF2),9.1,0.5499999999999999,10.379999999999999,Zircaloy-2 0.100 / Molybdenum 0.350 / FeCrAl 0.100,5.331701263597886,1.1043644029276922,15.790748538920141,39442894.39366914,9.634927653650655,1378.757384723235,0.9054696624673203,0.9771212905918193,57.49999999999999,False,33.5,,,0.007294506367729723,0.3729457450402934,1418.6949122376589,33.5,90.0,True,False,Enrichment <= 5 wt%,0,1,1,1,1,1,1,1,1,1
0.35,0.12,0.1,Layered Zr/Mo/FeCrAl,10x10 (GNF2),9.1,0.57,10.42,Zircaloy-2 0.100 / Molybdenum 0.350 / FeCrAl 0.120,5.370712617760952,1.1433757570907581,15.899573201367904,39714721.891762376,10.57038114498752,1380.2647053277112,0.8983478696193807,0.9694359360102598,57.49999999999999,False,34.03333333333333,,,0.0068705408383867165,0.36114200089899356,1413.18271845796,34.03333333333333,90.0,True,False,"Enrichment <= 5 wt%, Moderation within +/-10%",0,1,1,1,0,1,1,1,1,1
0.35,0.14,0.1,Layered Zr/Mo/FeCrAl,10x10 (GNF2),9.1,0.59,10.459999999999999,Zircaloy-2 0.100 / Molybdenum 0.350 / FeCrAl 0.140,5.409874015593875,1.1825371549236805,16.008842615451375,39987660.31197277,11.595096925687649,1381.7667301675624,0.8911986852604876,0.9617210223726175,57.49999999999999,False,34.56666666666667,,,0.006472232202605385,0.3496960279287523,1407.725350353117,34.56666666666667,90.0,True,False,"Enrichment <= 5 wt%, Moderation within +/-10%",0,1,1,1,0,1,1,1,1,1
0.35,0.16,0.1,Layered Zr/Mo/FeCrAl,10x10 (GNF2),9.1,0.61,10.5,Zircaloy-2 0.100 / Molybdenum 0.350 / FeCrAl 0.160,5.449185457096656,1.2218485964264612,16.118556723608727,40261709.510519624,12.711002095076605,1383.2634960228395,0.8840221093906407,0.9539765496788921,57.49999999999999,False,35.1,,,0.006097984968251319,0.33859759400364664,1402.322603165517,35.1,90.0,True,False,"Enrichment <= 5 wt%, Moderation within +/-10%",0,1,1,1,0,1,1,1,1,1
0.4,0.02,0.1,Layered Zr/Mo/FeCrAl,10x10 (GNF2),9.1,0.52,10.32,Zircaloy-2 0.100 / Molybdenum 0.400 / FeCrAl 0.020,5.323877340630974,1.0965404799607796,15.833145533923027,39548795.655562215,9.411686254880555,1372.6970846787465,0.9161009926561914,0.9885938992340029,57.49999999999999,False,32.43333333333333,,,0.008335734552586595,0.39646567257363735,1428.341560546336,32.43333333333333,90.0,True,False,Enrichment <= 5 wt%,0,1,1,1,1,1,1,1,1,1
0.4,0.04,0.1,Layered Zr/Mo/FeCrAl,10x10 (GNF2),9.1,0.54,10.36,Zircaloy-2 0.100 / Molybdenum 0.400 / FeCrAl 0.040,5.362663629289252,1.1353267686190582,15.941337050229247,39819041.65064214,10.145646946605403,1374.2124187326813,0.9090202870746826,0.980952883236568,57.49999999999999,False,32.93333333333333,,,0.007847644380288251,0.383948416450406,1422.7240702547854,32.93333333333333,90.0,True,False,Enrichment <= 5 wt%,0,1,1,1,1,1,1,1,1,1
0.4,0.06,0.1,Layered Zr/Mo/FeCrAl,10x10 (GNF2),9.1,0.56,10.399999999999999,Zircaloy-2 0.100 / Molybdenum 0.400 / FeCrAl 0.060,5.401599961617389,1.1742631009471949,16.049973070473648,40090397.94912838,10.96687653407777,1375.7224011315675,0.9019121899822199,0.9732823081830501,57.49999999999999,False,33.43333333333333,,,0.007389263085546253,0.3718093184289747,1417.166800022327,33.43333333333333,90.0,True,False,Enrichment <= 5 wt%,0,1,1,1,1,1,1,1,1,1
0.4,0.08,0.1,Layered Zr/Mo/FeCrAl,10x10 (GNF2),9.1,0.58,10.44,Zircaloy-2 0.100 / Molybdenum 0.400 / FeCrAl 0.080,5.440686337615382,1.2133494769451887,16.159053540775353,40362864.4164347,11.877844638039521,1377.2270692323905,0.8947767013788034,0.9655821740734492,57.49999999999999,False,33.96666666666667,,,0.0069587367063641496,0.36003759875765745,1411.6654964511451,33.96666666666667,90.0,True,False,"Enrichment <= 5 wt%, Moderation within +/-10%",0,1,1,1,0,1,1,1,1,1
0.4,0.1,0.1,Layered Zr/Mo/FeCrAl,10x10 (GNF2),9.1,0.6,10.479999999999999,Zircaloy-2 0.100 / Molybdenum 0.400 / FeCrAl 0.100,5.479922757283235,1.2525858966130412,16.26857840777481,40636440.91927701,12.880831232194984,1378.7264600062015,0.8876138212644334,0.9578524809077654,57.49999999999999,False,34.5,,,0.006554327855404712,0.3486227678197959,1406.2189641434904,34.5,90.0,True,False,"Enrichment <= 5 wt%, Moderation within +/-10%",0,1,1,1,0,1,1,1,1,1
0.4,0.12,0.1,Layered Zr/Mo/FeCrAl,10x10 (GNF2),9.1,0.62,10.52,Zircaloy-2 0.100 / Molybdenum 0.400 / FeCrAl 0.120,5.519309220620945,1.2919723599507509,16.378547618629355,40911127.32566238,13.977945115570028,1380.2206100433486,0.8804235496391096,0.9500932286859985,57.49999999999999,False,35.03333333333333,,,0.006174408521069355,0.33755461862157565,1400.8262961831108,35.03333333333333,90.0,True,False,"Enrichment <= 5 wt%, Moderation within +/-10%",0,1,1,1,0,1,1,1,1,1
0.4,0.14,0.1,Layered Zr/Mo/FeCrAl,10x10 (GNF2),9.1,0.64,10.559999999999999,Zircaloy-2 0.100 / Molybdenum 0.400 / FeCrAl 0.140,5.5588457276285155,1.331508866958321,16.488961121008845,41186923.50487804,15.17113998327446,1381.709555558627,0.8732058865028327,0.942304417408149,57.49999999999999,False,35.6,,,0.005817453286381723,0.3268232194710002,1395.4866079626022,35.6,90.0,True,False,"Enrichment <= 5 wt%, Moderation within +/-10%, Flow area >= 95%",0,1,1,1,0,0,1,1,1,1
0.4,0.16,0.1,Layered Zr/Mo/FeCrAl,10x10 (GNF2),9.1,0.66,10.6,Zircaloy-2 0.100 / Molybdenum 0.400 / FeCrAl 0.160,5.598532278305941,1.3711954176357468,16.599818863091247,41463829.3274804,16.46222846388458,1383.1933323963372,0.8659608318556016,0.9344860470742161,57.49999999999999,False,36.166666666666664,,,0.005482032944960187,0.3164189068433951,1390.2018151339353,36.166666666666664,90.0,True,False,"Enrichment <= 5 wt%, Moderation within +/-10%, Flow area >= 95%",0,1,1,1,0,0,1,1,1,1
0.45,0.02,0.1,Layered Zr/Mo/FeCrAl,10x10 (GNF2),9.1,0.5700000000000001,10.42,Zircaloy-2 0.100 / Molybdenum 0.450 / FeCrAl 0.020,5.47202895429235,1.244692093622156,16.311388444937414,40743373.89782656,12.690035369341746,1372.722772104552,0.8983478696193807,0.9694359360102598,57.49999999999999,False,33.4,,,0.0074879552208337785,0.37070867770644905,1415.6558669359247,33.4,90.0,True,False,"Enrichment <= 5 wt%, Moderation within +/-10%",0,1,1,1,0,1,1,1,1,1
0.45,0.04,0.1,Layered Zr/Mo/FeCrAl,10x10 (GNF2),9.1,0.5900000000000001,10.459999999999999,Zircaloy-2 0.100 / Molybdenum 0.450 / FeCrAl 0.040,5.511190352125272,1.2838534914550783,16.420724122253006,41016477.83353866,13.566855681294149,1374.2247969444031,0.8911986852604876,0.9617210223726175,57.49999999999999,False,33.9,,,0.007050599289887997,0.35896803479844774,1410.163333367969,33.9,90.0,True,False,"Enrichment <= 5 wt%, Moderation within +/-10%",0,1,1,1,0,1,1,1,1,1
0.45,0.06,0.1,Layered Zr/Mo/FeCrAl,10x10 (GNF2),9.1,0.6100000000000001,10.5,Zircaloy-2 0.100 / Molybdenum 0.450 / FeCrAl 0.060,5.550501793628053,1.3231649329578592,16.530503852814807,41290690.94689691,14.537904879259614,1375.7215627996804,0.8840221093906407,0.9539765496788921,57.49999999999999,False,34.43333333333333,,,0.006639840327801844,0.34758341894356654,1404.727374529208,34.43333333333333,90.0,True,False,"Enrichment <= 5 wt%, Moderation within +/-10%",0,1,1,1,0,1,1,1,1,1
0.45,0.08,0.1,Layered Zr/Mo/FeCrAl,10x10 (GNF2),9.1,0.63,10.54,Zircaloy-2 0.100 / Molybdenum 0.450 / FeCrAl 0.080,5.589963278800692,1.3626264181304981,16.640727588260447,41566013.11709946,15.605499091543852,1377.2131060723175,0.8768181420098404,0.9462025179290842,57.49999999999999,False,35.0,,,0.006254016475614092,0.3365446480085158,1399.3452300832423,35.0,90.0,True,False,"Enrichment <= 5 wt%, Moderation within +/-10%, Flow area >= 95%",0,1,1,1,0,0,1,1,1,1
0.45,0.1,0.1,Layered Zr/Mo/FeCrAl,10x10 (GNF2),9.1,0.65,10.58,Zircaloy-2 0.100 / Molybdenum 0.450 / FeCrAl 0.100,5.6295748076431895,1.402237946972995,16.75139528066922,41842444.22444763,16.771777373414302,1378.6994627912345,0.8695867831180862,0.9383989271231927,57.49999999999999,False,35.53333333333333,,,0.0058915708379857585,0.325841814365558,1394.0160135344986,35.53333333333333,90.0,True,False,"Enrichment <= 5 wt%, Moderation within +/-10%, Flow area >= 95%",0,1,1,1,0,0,1,1,1,1
0.45,0.12,0.1,Layered Zr/Mo/FeCrAl,10x10 (GNF2),9.1,0.67,10.62,Zircaloy-2 0.100 / Molybdenum 0.450 / FeCrAl 0.120,5.669336380155544,1.44199951948535,16.862506882559053,42119984.150338426,18.038717590250954,1380.1806686173572,0.8623280327153787,0.9305657772612189,57.49999999999999,False,36.1,,,0.005551044938625833,0.31546527778515193,1388.73886008742,36.1,90.0,True,False,"Enrichment <= 5 wt%, Moderation within +/-10%, Flow area >= 95%",0,1,1,1,0,0,1,1,1,1
0.45,0.14,0.1,Layered Zr/Mo/FeCrAl,10x10 (GNF2),9.1,0.6900000000000001,10.66,Zircaloy-2 0.100 / Molybdenum 0.450 / FeCrAl 0.140,5.709247996337758,1.4819111356675634,16.974062346883425,42398632.77725677,19.408150425271074,1381.6567588485536,0.8550418908017173,0.9227030683431617,57.49999999999999,False,36.7,,,0.005231072562719225,0.305405658509602,1383.5140811375468,36.7,90.0,True,False,"Enrichment <= 5 wt%, Moderation within +/-10%, Flow area >= 95%",0,1,1,1,0,0,1,1,1,1
0.45,0.16,0.1,Layered Zr/Mo/FeCrAl,10x10 (GNF2),9.1,0.7100000000000001,10.7,Zircaloy-2 0.100 / Molybdenum 0.450 / FeCrAl 0.160,5.749309656189827,1.5219727955196334,17.08606162702829,42678389.98876784,20.8817717736115,1383.1277684244878,0.8477283573771026,0.914810800369022,57.49999999999999,False,37.266666666666666,,,0.004930373966388113,0.2956538305034006,1378.342172714184,37.266666666666666,90.0,True,False,"Enrichment <= 5 wt%, Moderation within +/-10%, Flow area >= 95%",0,1,1,1,0,0,1,1,1,1
